,OPEN,HIGH,LOW,CLOSE,VOLUME
2013/1/4,,,,,
2013/1/7,,,,,
2013/1/8,,,,,
2013/1/9,,,,,
2013/1/10,,,,,
2013/1/11,,,,,
2013/1/14,,,,,
2013/1/15,,,,,
2013/1/16,,,,,
2013/1/17,,,,,
2013/1/18,,,,,
2013/1/21,,,,,
2013/1/22,,,,,
2013/1/23,,,,,
2013/1/24,,,,,
2013/1/25,,,,,
2013/1/28,,,,,
2013/1/29,,,,,
2013/1/30,,,,,
2013/1/31,,,,,
2013/2/1,,,,,
2013/2/4,,,,,
2013/2/5,,,,,
2013/2/6,,,,,
2013/2/7,,,,,
2013/2/8,,,,,
2013/2/18,,,,,
2013/2/19,,,,,
2013/2/20,,,,,
2013/2/21,,,,,
2013/2/22,,,,,
2013/2/25,,,,,
2013/2/26,,,,,
2013/2/27,,,,,
2013/2/28,,,,,
2013/3/1,,,,,
2013/3/4,,,,,
2013/3/5,,,,,
2013/3/6,,,,,
2013/3/7,,,,,
2013/3/8,,,,,
2013/3/11,,,,,
2013/3/12,,,,,
2013/3/13,,,,,
2013/3/14,,,,,
2013/3/15,,,,,
2013/3/18,,,,,
2013/3/19,,,,,
2013/3/20,,,,,
2013/3/21,,,,,
2013/3/22,,,,,
2013/3/25,,,,,
2013/3/26,,,,,
2013/3/27,,,,,
2013/3/28,,,,,
2013/3/29,,,,,
2013/4/1,,,,,
2013/4/2,,,,,
2013/4/3,,,,,
2013/4/8,,,,,
2013/4/9,,,,,
2013/4/10,,,,,
2013/4/11,,,,,
2013/4/12,,,,,
2013/4/15,,,,,
2013/4/16,,,,,
2013/4/17,,,,,
2013/4/18,,,,,
2013/4/19,,,,,
2013/4/22,,,,,
2013/4/23,,,,,
2013/4/24,,,,,
2013/4/25,,,,,
2013/4/26,,,,,
2013/5/2,,,,,
2013/5/3,,,,,
2013/5/6,,,,,
2013/5/7,,,,,
2013/5/8,,,,,
2013/5/9,,,,,
2013/5/10,,,,,
2013/5/13,,,,,
2013/5/14,,,,,
2013/5/15,,,,,
2013/5/16,,,,,
2013/5/17,,,,,
2013/5/20,,,,,
2013/5/21,,,,,
2013/5/22,,,,,
2013/5/23,,,,,
2013/5/24,,,,,
2013/5/27,,,,,
2013/5/28,,,,,
2013/5/29,,,,,
2013/5/30,,,,,
2013/5/31,,,,,
2013/6/3,,,,,
2013/6/4,,,,,
2013/6/5,,,,,
2013/6/6,,,,,
2013/6/7,,,,,
2013/6/13,,,,,
2013/6/14,,,,,
2013/6/17,,,,,
2013/6/18,,,,,
2013/6/19,,,,,
2013/6/20,,,,,
2013/6/21,,,,,
2013/6/24,,,,,
2013/6/25,,,,,
2013/6/26,,,,,
2013/6/27,,,,,
2013/6/28,,,,,
2013/7/1,,,,,
2013/7/2,,,,,
2013/7/3,,,,,
2013/7/4,,,,,
2013/7/5,,,,,
2013/7/8,,,,,
2013/7/9,,,,,
2013/7/10,,,,,
2013/7/11,,,,,
2013/7/12,,,,,
2013/7/15,,,,,
2013/7/16,,,,,
2013/7/17,,,,,
2013/7/18,,,,,
2013/7/19,,,,,
2013/7/22,,,,,
2013/7/23,,,,,
2013/7/24,,,,,
2013/7/25,,,,,
2013/7/26,,,,,
2013/7/29,,,,,
2013/7/30,,,,,
2013/7/31,,,,,
2013/8/1,,,,,
2013/8/2,,,,,
2013/8/5,,,,,
2013/8/6,,,,,
2013/8/7,,,,,
2013/8/8,,,,,
2013/8/9,,,,,
2013/8/12,,,,,
2013/8/13,,,,,
2013/8/14,,,,,
2013/8/15,,,,,
2013/8/16,,,,,
2013/8/19,,,,,
2013/8/20,,,,,
2013/8/21,,,,,
2013/8/22,,,,,
2013/8/23,,,,,
2013/8/26,,,,,
2013/8/27,,,,,
2013/8/28,,,,,
2013/8/29,,,,,
2013/8/30,,,,,
2013/9/2,,,,,
2013/9/3,,,,,
2013/9/4,,,,,
2013/9/5,,,,,
2013/9/6,,,,,
2013/9/9,,,,,
2013/9/10,,,,,
2013/9/11,,,,,
2013/9/12,,,,,
2013/9/13,,,,,
2013/9/16,,,,,
2013/9/17,,,,,
2013/9/18,,,,,
2013/9/23,,,,,
2013/9/24,,,,,
2013/9/25,,,,,
2013/9/26,,,,,
2013/9/27,,,,,
2013/9/30,,,,,
2013/10/8,,,,,
2013/10/9,,,,,
2013/10/10,,,,,
2013/10/11,,,,,
2013/10/14,,,,,
2013/10/15,,,,,
2013/10/16,,,,,
2013/10/17,,,,,
2013/10/18,,,,,
2013/10/21,,,,,
2013/10/22,,,,,
2013/10/23,,,,,
2013/10/24,,,,,
2013/10/25,,,,,
2013/10/28,,,,,
2013/10/29,,,,,
2013/10/30,,,,,
2013/10/31,,,,,
2013/11/1,,,,,
2013/11/4,,,,,
2013/11/5,,,,,
2013/11/6,,,,,
2013/11/7,,,,,
2013/11/8,,,,,
2013/11/11,,,,,
2013/11/12,,,,,
2013/11/13,,,,,
2013/11/14,,,,,
2013/11/15,,,,,
2013/11/18,,,,,
2013/11/19,,,,,
2013/11/20,,,,,
2013/11/21,,,,,
2013/11/22,,,,,
2013/11/25,,,,,
2013/11/26,,,,,
2013/11/27,,,,,
2013/11/28,,,,,
2013/11/29,,,,,
2013/12/2,,,,,
2013/12/3,,,,,
2013/12/4,,,,,
2013/12/5,,,,,
2013/12/6,,,,,
2013/12/9,,,,,
2013/12/10,,,,,
2013/12/11,,,,,
2013/12/12,,,,,
2013/12/13,,,,,
2013/12/16,,,,,
2013/12/17,,,,,
2013/12/18,,,,,
2013/12/19,,,,,
2013/12/20,,,,,
2013/12/23,,,,,
2013/12/24,,,,,
2013/12/25,,,,,
2013/12/26,,,,,
2013/12/27,,,,,
2013/12/30,,,,,
2013/12/31,,,,,
2014/1/2,,,,,
2014/1/3,,,,,
2014/1/6,,,,,
2014/1/7,,,,,
2014/1/8,,,,,
2014/1/9,,,,,
2014/1/10,,,,,
2014/1/13,,,,,
2014/1/14,,,,,
2014/1/15,,,,,
2014/1/16,,,,,
2014/1/17,,,,,
2014/1/20,,,,,
2014/1/21,,,,,
2014/1/22,,,,,
2014/1/23,,,,,
2014/1/24,,,,,
2014/1/27,,,,,
2014/1/28,,,,,
2014/1/29,,,,,
2014/1/30,,,,,
2014/2/7,,,,,
2014/2/10,,,,,
2014/2/11,,,,,
2014/2/12,,,,,
2014/2/13,,,,,
2014/2/14,,,,,
2014/2/17,,,,,
2014/2/18,,,,,
2014/2/19,,,,,
2014/2/20,,,,,
2014/2/21,,,,,
2014/2/24,,,,,
2014/2/25,,,,,
2014/2/26,,,,,
2014/2/27,,,,,
2014/2/28,,,,,
2014/3/3,,,,,
2014/3/4,,,,,
2014/3/5,,,,,
2014/3/6,,,,,
2014/3/7,,,,,
2014/3/10,,,,,
2014/3/11,,,,,
2014/3/12,,,,,
2014/3/13,,,,,
2014/3/14,,,,,
2014/3/17,,,,,
2014/3/18,,,,,
2014/3/19,,,,,
2014/3/20,,,,,
2014/3/21,,,,,
2014/3/24,,,,,
2014/3/25,,,,,
2014/3/26,,,,,
2014/3/27,,,,,
2014/3/28,,,,,
2014/3/31,,,,,
2014/4/1,,,,,
2014/4/2,,,,,
2014/4/3,,,,,
2014/4/4,,,,,
2014/4/8,,,,,
2014/4/9,,,,,
2014/4/10,,,,,
2014/4/11,,,,,
2014/4/14,,,,,
2014/4/15,,,,,
2014/4/16,,,,,
2014/4/17,,,,,
2014/4/18,,,,,
2014/4/21,,,,,
2014/4/22,,,,,
2014/4/23,,,,,
2014/4/24,,,,,
2014/4/25,,,,,
2014/4/28,,,,,
2014/4/29,,,,,
2014/4/30,,,,,
2014/5/5,,,,,
2014/5/6,,,,,
2014/5/7,,,,,
2014/5/8,,,,,
2014/5/9,,,,,
2014/5/12,,,,,
2014/5/13,,,,,
2014/5/14,,,,,
2014/5/15,,,,,
2014/5/16,,,,,
2014/5/19,,,,,
2014/5/20,,,,,
2014/5/21,,,,,
2014/5/22,,,,,
2014/5/23,,,,,
2014/5/26,,,,,
2014/5/27,,,,,
2014/5/28,,,,,
2014/5/29,,,,,
2014/5/30,,,,,
2014/6/3,,,,,
2014/6/4,,,,,
2014/6/5,,,,,
2014/6/6,,,,,
2014/6/9,,,,,
2014/6/10,,,,,
2014/6/11,,,,,
2014/6/12,,,,,
2014/6/13,,,,,
2014/6/16,,,,,
2014/6/17,,,,,
2014/6/18,,,,,
2014/6/19,,,,,
2014/6/20,,,,,
2014/6/23,,,,,
2014/6/24,,,,,
2014/6/25,,,,,
2014/6/26,,,,,
2014/6/27,,,,,
2014/6/30,,,,,
2014/7/1,,,,,
2014/7/2,,,,,
2014/7/3,,,,,
2014/7/4,,,,,
2014/7/7,,,,,
2014/7/8,,,,,
2014/7/9,,,,,
2014/7/10,,,,,
2014/7/11,,,,,
2014/7/14,,,,,
2014/7/15,,,,,
2014/7/16,,,,,
2014/7/17,,,,,
2014/7/18,,,,,
2014/7/21,,,,,
2014/7/22,,,,,
2014/7/23,,,,,
2014/7/24,,,,,
2014/7/25,,,,,
2014/7/28,,,,,
2014/7/29,,,,,
2014/7/30,,,,,
2014/7/31,,,,,
2014/8/1,,,,,
2014/8/4,,,,,
2014/8/5,,,,,
2014/8/6,,,,,
2014/8/7,,,,,
2014/8/8,,,,,
2014/8/11,,,,,
2014/8/12,,,,,
2014/8/13,,,,,
2014/8/14,,,,,
2014/8/15,,,,,
2014/8/18,,,,,
2014/8/19,,,,,
2014/8/20,,,,,
2014/8/21,,,,,
2014/8/22,,,,,
2014/8/25,,,,,
2014/8/26,,,,,
2014/8/27,,,,,
2014/8/28,,,,,
2014/8/29,,,,,
2014/9/1,,,,,
2014/9/2,,,,,
2014/9/3,,,,,
2014/9/4,,,,,
2014/9/5,,,,,
2014/9/9,,,,,
2014/9/10,,,,,
2014/9/11,,,,,
2014/9/12,,,,,
2014/9/15,,,,,
2014/9/16,,,,,
2014/9/17,,,,,
2014/9/18,,,,,
2014/9/19,,,,,
2014/9/22,,,,,
2014/9/23,,,,,
2014/9/24,,,,,
2014/9/25,,,,,
2014/9/26,,,,,
2014/9/29,,,,,
2014/9/30,,,,,
2014/10/8,,,,,
2014/10/9,,,,,
2014/10/10,,,,,
2014/10/13,,,,,
2014/10/14,,,,,
2014/10/15,,,,,
2014/10/16,,,,,
2014/10/17,,,,,
2014/10/20,,,,,
2014/10/21,,,,,
2014/10/22,,,,,
2014/10/23,,,,,
2014/10/24,,,,,
2014/10/27,,,,,
2014/10/28,,,,,
2014/10/29,,,,,
2014/10/30,,,,,
2014/10/31,,,,,
2014/11/3,,,,,
2014/11/4,,,,,
2014/11/5,,,,,
2014/11/6,,,,,
2014/11/7,,,,,
2014/11/10,,,,,
2014/11/11,,,,,
2014/11/12,,,,,
2014/11/13,,,,,
2014/11/14,,,,,
2014/11/17,,,,,
2014/11/18,,,,,
2014/11/19,,,,,
2014/11/20,,,,,
2014/11/21,,,,,
2014/11/24,,,,,
2014/11/25,,,,,
2014/11/26,,,,,
2014/11/27,,,,,
2014/11/28,,,,,
2014/12/1,,,,,
2014/12/2,,,,,
2014/12/3,,,,,
2014/12/4,,,,,
2014/12/5,,,,,
2014/12/8,,,,,
2014/12/9,,,,,
2014/12/10,,,,,
2014/12/11,,,,,
2014/12/12,,,,,
2014/12/15,,,,,
2014/12/16,,,,,
2014/12/17,,,,,
2014/12/18,,,,,
2014/12/19,,,,,
2014/12/22,,,,,
2014/12/23,,,,,
2014/12/24,,,,,
2014/12/25,,,,,
2014/12/26,,,,,
2014/12/29,,,,,
2014/12/30,,,,,
2014/12/31,,,,,
2015/1/5,,,,,
2015/1/6,,,,,
2015/1/7,,,,,
2015/1/8,,,,,
2015/1/9,,,,,
2015/1/12,,,,,
2015/1/13,,,,,
2015/1/14,,,,,
2015/1/15,,,,,
2015/1/16,,,,,
2015/1/19,,,,,
2015/1/20,,,,,
2015/1/21,,,,,
2015/1/22,,,,,
2015/1/23,,,,,
2015/1/26,,,,,
2015/1/27,,,,,
2015/1/28,,,,,
2015/1/29,,,,,
2015/1/30,,,,,
2015/2/2,,,,,
2015/2/3,,,,,
2015/2/4,,,,,
2015/2/5,,,,,
2015/2/6,,,,,
2015/2/9,,,,,
2015/2/10,,,,,
2015/2/11,,,,,
2015/2/12,,,,,
2015/2/13,,,,,
2015/2/16,,,,,
2015/2/17,,,,,
2015/2/25,,,,,
2015/2/26,,,,,
2015/2/27,,,,,
2015/3/2,,,,,
2015/3/3,,,,,
2015/3/4,,,,,
2015/3/5,,,,,
2015/3/6,,,,,
2015/3/9,,,,,
2015/3/10,,,,,
2015/3/11,,,,,
2015/3/12,,,,,
2015/3/13,,,,,
2015/3/16,,,,,
2015/3/17,,,,,
2015/3/18,,,,,
2015/3/19,,,,,
2015/3/20,96.9,97.96,96.53,97.09,3332
2015/3/23,97.095,97.095,96.84,97.02,1386
2015/3/24,97.135,97.22,96.875,96.92,1380
2015/3/25,97.02,97.03,96.76,96.85,1234
2015/3/26,96.835,96.89,96.37,96.37,1073
2015/3/27,96.3,96.51,95.98,96.49,1792
2015/3/30,96.065,96.4,96,96.16,1153
2015/3/31,95.8,95.9,95.565,95.65,2327
2015/4/1,95.66,96.095,95.655,96.095,673
2015/4/2,96.3,96.425,96.2,96.32,1011
2015/4/3,96.315,96.375,96.005,96.01,1099
2015/4/7,96.005,96.31,95.8,95.93,831
2015/4/8,96,96.1,95.13,95.16,2904
2015/4/9,95.3,95.4,95.195,95.265,1389
2015/4/10,95.35,95.415,95.17,95.19,1073
2015/4/13,95.18,95.68,95.18,95.63,1895
2015/4/14,95.7,96,95.53,95.57,1718
2015/4/15,95.9,96.285,95.775,96.15,2148
2015/4/16,96.735,96.735,95.86,96.18,1436
2015/4/17,96.19,96.5,96.05,96.3,1613
2015/4/20,97.1,97.275,96.67,97.25,3213
2015/4/21,97.295,97.95,97.26,97.39,4962
2015/4/22,97.4,97.615,97.31,97.42,2962
2015/4/23,97.365,97.455,96.945,97.34,2288
2015/4/24,97.22,97.255,96.82,97.03,2110
2015/4/27,97.08,97.85,97.08,97.76,3257
2015/4/28,97.6,97.84,97.58,97.74,1621
2015/4/29,97.67,97.775,97.52,97.69,2235
2015/4/30,97.695,98.1,97.695,97.955,3925
2015/5/4,97.91,97.91,97.54,97.6,2688
2015/5/5,97.51,97.675,97.485,97.505,3812
2015/5/6,97.42,97.47,97.065,97.155,5874
2015/5/7,97.145,97.37,97.095,97.2,3897
2015/5/8,97.3,97.615,97.29,97.45,3756
2015/5/11,97.41,97.5,96.5,97.32,4854
2015/5/12,97.31,97.46,96.88,96.99,3199
2015/5/13,97.02,97.35,96.965,97.225,4272
2015/5/14,97.42,97.53,97.005,97.1,3794
2015/5/15,97.15,97.345,97.125,97.185,2400
2015/5/18,97.2,97.29,96.675,96.705,5051
2015/5/19,96.695,96.84,96.475,96.56,3680
2015/5/20,96.565,96.915,96.55,96.88,2667
2015/5/21,96.9,96.9,96.47,96.675,2358
2015/5/22,96.67,96.81,96.67,96.74,1866
2015/5/25,96.7,96.825,96.465,96.52,1849
2015/5/26,96.505,96.505,95.21,95.66,5483
2015/5/27,95.67,95.965,95.58,95.8,3064
2015/5/28,95.65,95.74,94.81,95,4455
2015/5/29,95.08,95.145,94.835,94.92,3040
2015/6/1,94.935,94.96,93.9,94.215,6745
2015/6/2,94.58,95.1,94.415,94.99,5862
2015/6/3,94.88,95.4,94.655,95.06,4222
2015/6/4,95.07,95.265,94.555,94.91,3583
2015/6/5,94.98,95.37,94.97,95.3,3191
2015/6/8,95.205,95.62,95.19,95.56,2907
2015/6/9,95.54,95.68,95.38,95.475,2655
2015/6/10,95.435,95.435,94.92,94.98,3430
2015/6/11,94.98,95.055,94.775,94.83,2901
2015/6/12,94.845,95.05,94.515,94.62,3902
2015/6/15,94.55,94.62,94.2,94.205,2210
2015/6/16,94.295,95.135,94.26,95.13,5417
2015/6/17,95.1,95.2,94.7,94.96,2832
2015/6/18,95,95.41,94.915,95.25,2793
2015/6/19,95.25,95.37,94.82,95.02,2432
2015/6/23,94.895,95.03,94.58,94.91,2443
2015/6/24,94.9,94.98,94.705,94.885,1428
2015/6/25,94.78,95.305,94.7,94.8,3771
2015/6/26,94.8,94.945,94.63,94.715,3073
2015/6/29,95.01,95.05,94.385,94.535,4982
2015/6/30,94.6,94.955,94.54,94.755,2107
2015/7/1,94.82,94.865,94.595,94.645,1235
2015/7/2,94.65,94.695,94.365,94.61,1291
2015/7/3,94.7,95.27,94.65,95.22,3612
2015/7/6,95.5,96.05,95.31,95.92,3811
2015/7/7,96.18,96.38,95.975,96.28,3236
2015/7/8,96.48,96.98,95.34,95.8,8839
2015/7/9,95.86,96.58,95.72,96.15,4365
2015/7/10,96,96.01,95.6,95.95,2668
2015/7/13,95.85,96.125,95.67,95.72,2941
2015/7/14,95.815,95.815,95.38,95.575,2819
2015/7/15,95.38,95.58,95.28,95.445,4830
2015/7/16,95.78,95.78,95.48,95.75,2096
2015/7/17,95.75,95.91,95.615,95.8,2088
2015/7/20,95.81,95.93,95.67,95.75,1501
2015/7/21,95.7,95.75,95.525,95.54,2456
2015/7/22,95.54,95.73,95.38,95.63,1755
2015/7/23,95.775,95.965,95.71,95.91,2422
2015/7/24,95.98,96.16,95.83,95.86,2769
2015/7/27,95.895,96.04,95.58,96.04,1795
2015/7/28,96,96.13,95.885,96.03,2517
2015/7/29,96.045,96.175,95.955,96.11,1653
2015/7/30,96.13,96.17,95.78,95.98,1750
2015/7/31,96.1,96.1,95.45,95.545,3591
2015/8/3,95.355,95.715,95.355,95.555,2937
2015/8/4,95.555,95.84,95.555,95.71,2411
2015/8/5,95.725,95.795,95.57,95.605,2097
2015/8/6,95.545,95.885,95.5,95.875,1949
2015/8/7,95.805,95.94,95.7,95.915,2397
2015/8/10,95.93,95.98,95.6,95.675,2362
2015/8/11,95.605,95.7,95.16,95.19,3576
2015/8/12,95.12,95.345,94.8,95.33,3719
2015/8/13,95.615,95.675,95.45,95.52,1843
2015/8/14,95.535,95.69,95.445,95.64,2725
2015/8/17,95.115,95.45,95.115,95.32,2941
2015/8/18,95.425,95.49,95.255,95.485,3399
2015/8/19,95.52,95.52,95.235,95.37,3266
2015/8/20,95.335,95.455,95.285,95.45,1669
2015/8/21,95.5,95.68,95.44,95.52,2469
2015/8/24,95.55,95.82,95.55,95.785,3501
2015/8/25,95.95,95.98,95.74,95.8,3124
2015/8/26,95.95,96.04,95.805,96.005,4123
2015/8/27,96.085,96.445,96.005,96.4,3555
2015/8/28,96.28,96.45,96.145,96.255,4111
2015/8/31,96.21,96.86,96.19,96.76,4998
2015/9/1,96.82,97.045,96.805,96.915,3789
2015/9/2,96.94,96.995,96.52,96.62,3455
2015/9/7,96.6,96.6,96.4,96.42,3259
2015/9/8,96.38,96.48,96.085,96.375,5641
2015/9/9,96.32,96.49,96.195,96.195,5026
2015/9/10,96.185,96.475,96.055,96.395,4483
2015/9/11,96.48,96.48,96.25,96.255,5220
2015/9/14,96.4,96.455,96.27,96.41,4560
2015/9/15,96.45,96.675,96.33,96.655,5817
2015/9/16,96.68,96.715,96.45,96.535,5334
2015/9/17,96.46,96.55,96.225,96.365,4785
2015/9/18,96.38,96.655,96.35,96.395,4849
2015/9/21,96.39,96.475,96.315,96.415,3236
2015/9/22,96.44,96.465,96.165,96.26,4242
2015/9/23,96.3,96.42,96.255,96.305,3321
2015/9/24,96.29,96.525,96.2,96.515,3168
2015/9/25,96.53,96.735,96.445,96.665,3746
2015/9/28,96.66,96.975,96.655,96.935,3408
2015/9/29,97,97.31,97,97.23,4541
2015/9/30,97.21,97.335,97.05,97.315,4148
2015/10/8,97.245,97.29,97.06,97.27,3485
2015/10/9,97.255,98.15,97.23,98.13,7969
2015/10/12,98.13,98.45,97.93,98.185,8046
2015/10/13,98.215,98.895,98.09,98.72,8400
2015/10/14,98.72,99.245,98.35,98.715,19060
2015/10/15,98.6,98.78,98.335,98.53,12203
2015/10/16,98.45,98.48,98.005,98.07,15051
2015/10/19,98.05,98.3,98.05,98.22,10185
2015/10/20,98.315,99.165,98.265,99.165,15347
2015/10/21,99.165,99.32,98.81,98.885,17607
2015/10/22,98.81,99.29,98.81,99.29,12503
2015/10/23,99.295,99.48,98.92,98.955,20198
2015/10/26,99.05,99.355,98.795,99.245,21935
2015/10/27,99.4,99.845,99.255,99.765,23940
2015/10/28,99.7,99.93,99.285,99.39,22024
2015/10/29,99.15,99.25,98.685,98.685,23932
2015/10/30,98.605,98.96,98.5,98.83,23990
2015/11/2,98.895,99.17,98.705,98.805,20079
2015/11/3,98.82,98.875,98.555,98.6,16498
2015/11/4,98.565,98.69,98.195,98.355,24150
2015/11/5,98.3,98.69,98.17,98.665,23579
2015/11/6,98.685,98.74,98.19,98.255,20920
2015/11/9,97.9,97.975,97.275,97.29,21147
2015/11/10,97.305,97.68,97.23,97.66,21504
2015/11/11,97.71,98.18,97.635,98.175,26937
2015/11/12,97.995,98.24,97.47,98.085,23493
2015/11/13,98.25,98.475,97.865,97.885,4907
2015/11/16,97.9,98.45,97.8,98.06,6352
2015/11/17,98.005,98.175,97.82,98.13,7766
2015/11/18,98.01,98.235,97.565,97.625,7511
2015/11/19,97.625,97.935,97.51,97.705,8200
2015/11/20,97.8,98.25,97.7,98.235,9457
2015/11/23,98.255,98.3,97.195,98.045,14024
2015/11/24,98.05,98.55,97.9,98.51,18816
2015/11/25,98.59,98.69,98.42,98.59,17429
2015/11/26,98.61,99.03,98.365,98.94,21702
2015/11/27,98.93,99.075,98.575,98.695,18537
2015/11/30,98.695,99.235,98.63,99.015,14663
2015/12/1,99.105,99.18,98.66,98.75,16350
2015/12/2,98.795,99.095,98.685,98.83,19033
2015/12/3,98.805,99.025,98.65,98.965,14287
2015/12/4,98.9,99.165,98.76,98.86,17651
2015/12/7,98.86,99.035,98.73,98.95,15918
2015/12/8,99,99.205,98.91,99.195,13639
2015/12/9,99.205,99.28,99.01,99.17,16204
2015/12/10,99.15,99.295,99.015,99.105,16452
2015/12/11,99.105,99.37,99.04,99.37,14679
2015/12/14,99.15,99.225,98.82,98.87,22071
2015/12/15,98.895,99.125,98.82,99.085,15886
2015/12/16,99.085,99.2,98.9,99.16,14768
2015/12/17,99.16,99.295,99.085,99.15,17340
2015/12/18,99.205,99.6,99.175,99.56,20000
2015/12/21,99.57,99.92,99.51,99.805,20148
2015/12/22,99.895,100.11,99.815,99.905,20619
2015/12/23,99.9,100.02,99.825,99.98,15354
2015/12/24,100,100.335,99.92,100.28,19091
2015/12/25,100.29,100.385,100.17,100.26,20146
2015/12/28,100.265,100.48,100.12,100.48,14896
2015/12/29,100.495,100.59,100.205,100.23,19802
2015/12/30,100.19,100.275,100.01,100.15,19466
2015/12/31,100.125,100.365,100.01,100.035,19984
2016/1/4,100,100.03,99.665,99.865,25642
2016/1/5,99.76,99.935,99.58,99.595,21604
2016/1/6,99.55,100.04,99.5,100.02,23014
2016/1/7,100.085,100.395,99.755,99.865,34218
2016/1/8,99.96,100.295,99.935,100.24,25004
2016/1/11,100.21,100.355,100.115,100.23,22898
2016/1/12,100.305,100.65,100.24,100.62,23394
2016/1/13,100.805,100.86,100.595,100.82,22407
2016/1/14,100.905,100.945,100.38,100.445,30554
2016/1/15,100.38,100.675,100.33,100.645,23749
2016/1/18,100.61,100.61,100.12,100.285,26390
2016/1/19,100.295,100.4,100.07,100.13,29061
2016/1/20,100.13,100.29,99.905,100.27,30440
2016/1/21,100.205,100.435,100.095,100.365,22667
2016/1/22,100.39,100.525,100.28,100.42,20325
2016/1/25,100.2,100.215,99.81,99.835,25812
2016/1/26,99.87,100.09,99.8,99.91,29566
2016/1/27,99.695,99.96,99.6,99.77,26694
2016/1/28,99.805,100,99.72,99.965,27029
2016/1/29,100.2,100.395,100.055,100.365,24693
2016/2/1,100.395,100.495,100.275,100.34,19920
2016/2/2,100.34,100.48,99.9,99.92,25058
2016/2/3,99.68,100.1,99.66,100.07,21276
2016/2/4,99.39,99.585,99.365,99.535,6755
2016/2/5,99.545,99.78,99.51,99.66,3861
2016/2/15,99.99,100.185,99.86,100.185,9147
2016/2/16,100.12,100.135,99.76,99.77,10914
2016/2/17,99.765,99.865,99.615,99.78,13880
2016/2/18,99.72,99.935,99.575,99.89,19504
2016/2/19,99.94,99.965,99.745,99.765,22430
2016/2/22,99.72,99.735,99.535,99.695,17570
2016/2/23,99.69,99.78,99.585,99.605,19948
2016/2/24,99.6,99.74,99.505,99.51,19084
2016/2/25,99.45,99.65,99.31,99.345,27070
2016/2/26,99.345,99.475,99.19,99.42,28926
2016/2/29,99.375,99.49,99.26,99.46,23042
2016/3/1,99.65,99.655,99.24,99.385,27724
2016/3/2,99.35,99.415,99.055,99.135,27637
2016/3/3,99.09,99.15,98.88,98.96,30864
2016/3/4,98.89,99.24,98.88,99.085,27890
2016/3/7,98.99,99,98.645,98.695,25119
2016/3/8,98.55,98.955,98.535,98.82,31416
2016/3/9,98.99,99.195,98.96,99.135,23160
2016/3/10,99.3,99.425,99.03,99.42,28185
2016/3/11,99.4,99.79,99.375,99.79,24293
2016/3/14,99.69,99.745,99.53,99.65,18532
2016/3/15,99.625,99.75,99.455,99.71,22704
2016/3/16,99.7,100.035,99.645,99.985,25859
2016/3/17,100,100.01,99.655,99.695,27551
2016/3/18,99.685,99.745,99.57,99.68,19213
2016/3/21,99.6,99.635,99.385,99.51,20902
2016/3/22,99.445,99.705,99.44,99.625,19083
2016/3/23,99.63,99.765,99.56,99.645,17426
2016/3/24,99.675,99.915,99.655,99.855,18110
2016/3/25,99.775,99.88,99.6,99.815,18430
2016/3/28,99.72,99.745,99.595,99.615,16988
2016/3/29,99.605,99.855,99.57,99.805,18588
2016/3/30,99.825,99.9,99.695,99.8,16371
2016/3/31,99.805,99.94,99.72,99.8,16736
2016/4/1,99.74,99.915,99.73,99.87,11375
2016/4/5,99.925,99.97,99.605,99.63,14463
2016/4/6,99.65,99.705,99.51,99.575,18504
2016/4/7,99.58,99.62,99.42,99.475,14882
2016/4/8,99.495,99.78,99.46,99.68,21139
2016/4/11,99.64,99.83,99.605,99.745,12604
2016/4/12,99.76,99.795,99.67,99.75,9424
2016/4/13,99.705,99.705,99.38,99.55,19762
2016/4/14,99.515,99.57,99.205,99.265,17490
2016/4/15,99.265,99.565,99.265,99.485,19921
2016/4/18,99.5,99.68,99.42,99.505,13439
2016/4/19,99.485,99.64,99.405,99.58,14364
2016/4/20,99.45,99.53,99.22,99.295,20141
2016/4/21,99.225,99.43,99.135,99.305,18187
2016/4/22,99.355,99.47,99.26,99.385,13232
2016/4/25,99.305,99.345,99.04,99.05,15703
2016/4/26,99.15,99.41,99.11,99.345,17539
2016/4/27,99.405,99.475,99.305,99.345,12679
2016/4/28,99.435,99.645,99.39,99.61,11923
2016/4/29,99.55,99.635,99.475,99.515,8118
2016/5/3,99.64,99.83,99.63,99.75,7632
2016/5/4,99.73,99.865,99.685,99.845,9708
2016/5/5,98.38,98.43,98.305,98.405,3810
2016/5/6,98.4,98.535,98.31,98.465,6549
2016/5/9,98.585,99.485,98.545,99.17,9749
2016/5/10,99.285,99.59,99.03,99.24,16980
2016/5/11,99.26,99.305,99.085,99.195,13393
2016/5/12,99.285,99.51,99.275,99.49,14406
2016/5/13,99.52,99.67,99.24,99.37,16985
2016/5/16,99.35,99.43,98.965,98.99,16362
2016/5/17,99.005,99.16,98.935,99.01,13276
2016/5/18,98.935,98.965,98.74,98.795,16862
2016/5/19,98.7,98.925,98.615,98.845,16645
2016/5/20,98.895,99.145,98.875,99.095,14451
2016/5/23,99.09,99.18,98.925,99.075,12110
2016/5/24,99.105,99.3,99.05,99.29,13864
2016/5/25,99.305,99.325,99.185,99.27,12053
2016/5/26,99.26,99.26,99.065,99.14,11141
2016/5/27,99.08,99.155,98.99,99.07,9716
2016/5/30,99.12,99.205,98.895,98.93,11375
2016/5/31,98.95,99.15,98.875,99.145,13465
2016/6/1,99.09,99.145,99.005,99.075,11538
2016/6/2,99.045,99.08,98.88,98.945,12030
2016/6/3,98.9,98.99,98.78,98.985,11168
2016/6/6,99.045,99.16,99.02,99.04,9241
2016/6/7,99.04,99.075,98.95,98.955,7208
2016/6/8,98.96,99.065,98.905,98.94,7589
2016/6/13,99,99.205,98.985,99.19,10929
2016/6/14,99.255,99.48,99.215,99.41,15554
2016/6/15,99.475,99.5,99.365,99.485,10931
2016/6/16,99.515,99.835,99.515,99.795,13358
2016/6/17,99.755,99.835,99.67,99.73,14007
2016/6/20,99.68,99.8,99.61,99.715,10449
2016/6/21,99.66,99.86,99.585,99.835,13256
2016/6/22,99.77,100.04,99.77,99.88,17282
2016/6/23,99.88,99.975,99.815,99.865,10841
2016/6/24,99.95,100.295,99.87,100.165,23542
2016/6/27,100.19,100.515,100.19,100.45,15141
2016/6/28,100.475,100.57,100.135,100.14,18030
2016/6/29,100.09,100.275,100.03,100.105,14123
2016/6/30,100.19,100.43,100.115,100.39,16466
2016/7/1,100.455,100.665,100.435,100.63,17164
2016/7/4,100.655,100.715,100.285,100.36,18985
2016/7/5,100.275,100.46,100.215,100.265,16184
2016/7/6,100.365,100.585,100.345,100.43,15430
2016/7/7,100.55,100.695,100.535,100.69,12389
2016/7/8,100.73,100.76,100.455,100.695,17245
2016/7/11,100.585,100.64,100.435,100.495,14297
2016/7/12,100.45,100.47,100.27,100.315,15147
2016/7/13,100.25,100.39,100.185,100.25,13838
2016/7/14,100.31,100.45,100.29,100.32,13299
2016/7/15,100.305,100.585,100.17,100.55,21822
2016/7/18,100.525,100.67,100.445,100.545,11497
2016/7/19,100.545,100.645,100.485,100.6,8954
2016/7/20,100.7,100.935,100.645,100.895,17138
2016/7/21,101.025,101.18,100.905,100.955,18316
2016/7/22,100.845,101.055,100.75,100.96,18030
2016/7/25,100.9,100.945,100.74,100.795,13629
2016/7/26,100.755,101.035,100.705,100.99,14955
2016/7/27,101.015,101.07,100.85,100.9,15291
2016/7/28,101,101.18,100.9,101.165,17343
2016/7/29,101.175,101.225,101.01,101.065,13182
2016/8/1,101.09,101.145,100.93,100.935,13252
2016/8/2,100.93,101.135,100.89,101.075,10850
2016/8/3,101.075,101.24,101.045,101.185,11981
2016/8/4,101.18,101.23,101.1,101.21,7568
2016/8/5,101.25,101.485,101.245,101.465,10045
2016/8/8,101.395,101.495,101.315,101.475,10720
2016/8/9,101.105,101.28,101.085,101.2,8557
2016/8/10,101.35,101.54,101.1,101.17,16143
2016/8/11,101.17,101.365,101.035,101.315,12898
2016/8/12,101.315,101.61,101.175,101.55,19153
2016/8/15,101.71,101.965,101.61,101.71,24714
2016/8/16,101.7,101.825,101.46,101.48,21304
2016/8/17,101.42,101.51,101.32,101.41,17553
2016/8/18,101.5,101.585,101.295,101.435,20388
2016/8/19,101.38,101.395,101.085,101.185,24507
2016/8/22,101.11,101.39,101.07,101.375,16055
2016/8/23,101.32,101.35,100.845,100.985,31432
2016/8/24,100.86,101.075,100.79,100.97,28394
2016/8/25,101.055,101.145,100.845,100.915,22161
2016/8/26,100.945,101.185,100.87,101.155,19504
2016/8/29,101.055,101.06,100.885,100.955,17526
2016/8/30,100.915,100.935,100.605,100.61,24490
2016/8/31,100.655,100.785,100.6,100.7,17426
2016/9/1,100.66,100.82,100.525,100.77,25206
2016/9/2,100.85,100.92,100.69,100.74,18030
2016/9/5,100.725,100.76,100.61,100.705,13263
2016/9/6,100.7,100.78,100.57,100.62,15084
2016/9/7,100.66,100.73,100.49,100.565,16329
2016/9/8,100.56,100.77,100.52,100.755,17209
2016/9/9,100.715,100.97,100.655,100.85,18616
2016/9/12,100.75,100.785,100.605,100.645,15917
2016/9/13,100.68,100.945,100.68,100.92,22740
2016/9/14,100.865,101.105,100.795,100.975,21223
2016/9/19,100.965,101.055,100.89,101.01,11595
2016/9/20,101.05,101.22,101.025,101.04,16928
2016/9/21,101.01,101.07,100.905,101.035,19104
2016/9/22,101.105,101.19,100.99,101.02,15740
2016/9/23,101.065,101.205,101.065,101.15,15769
2016/9/26,101.155,101.285,101.115,101.25,13341
2016/9/27,101.29,101.32,101.14,101.225,13541
2016/9/28,101.21,101.23,101.1,101.2,11653
2016/9/29,101.19,101.25,101.13,101.18,9924
2016/9/30,101.19,101.25,101.15,101.19,7290
2016/10/10,101.41,101.56,101.405,101.535,13061
2016/10/11,101.525,101.545,101.37,101.435,13177
2016/10/12,101.39,101.41,101.21,101.305,14882
2016/10/13,101.255,101.435,101.22,101.41,12475
2016/10/14,101.405,101.525,101.315,101.47,15493
2016/10/17,101.475,101.54,101.355,101.53,11840
2016/10/18,101.48,101.545,101.425,101.485,11916
2016/10/19,101.48,101.69,101.395,101.66,15557
2016/10/20,101.73,101.9,101.7,101.89,16958
2016/10/21,101.85,101.965,101.79,101.95,12729
2016/10/24,101.895,102.005,101.57,101.605,24611
2016/10/25,101.59,101.69,101.435,101.5,21481
2016/10/26,101.3,101.5,101.175,101.285,26380
2016/10/27,101.305,101.56,101.24,101.52,22811
2016/10/28,101.49,101.6,101.4,101.56,17340
2016/10/31,101.5,101.5,101.215,101.245,19350
2016/11/1,101.185,101.395,101.15,101.33,18060
2016/11/2,101.35,101.45,101.26,101.365,14309
2016/11/3,101.445,101.59,101.385,101.53,16213
2016/11/4,101.52,101.59,101.42,101.535,10341
2016/11/7,101.475,101.505,101.27,101.295,12962
2016/11/8,101.27,101.305,101.08,101.24,16705
2016/11/9,100.39,100.75,100.29,100.415,18545
2016/11/10,100.225,100.3,100.06,100.085,21070
2016/11/11,100.075,100.075,99.825,99.87,23380
2016/11/14,99.98,100.07,99.62,99.67,28341
2016/11/15,99.72,99.855,99.44,99.84,30839
2016/11/16,99.8,99.945,99.61,99.61,24215
2016/11/17,99.58,99.76,99.49,99.495,27797
2016/11/18,99.405,99.67,99.355,99.44,30562
2016/11/21,99.49,99.65,99.47,99.535,16954
2016/11/22,99.635,99.775,99.47,99.55,24110
2016/11/23,99.595,99.865,99.495,99.845,21437
2016/11/24,99.75,99.79,99.64,99.695,18002
2016/11/25,99.665,99.705,99.52,99.58,18330
2016/11/28,99.61,99.775,99.595,99.595,13425
2016/11/29,99.55,99.56,98.8,98.93,38482
2016/11/30,98.85,99.09,98.42,98.855,42391
2016/12/1,98.605,98.725,98.115,98.185,47292
2016/12/2,98.135,98.45,98.135,98.255,39139
2016/12/5,98.3,98.395,97.95,97.98,30794
2016/12/6,97.82,97.85,97.25,97.58,55950
2016/12/7,97.735,97.885,97.445,97.755,44824
2016/12/8,97.94,98.22,97.685,97.805,37756
2016/12/9,97.7,97.88,97.605,97.705,28789
2016/12/12,97.395,97.445,96.675,96.685,44121
2016/12/13,96.695,96.845,96.47,96.53,48148
2016/12/14,96.755,96.865,96.2,96.27,47503
2016/12/15,95.27,96.1,94.375,94.555,102747
2016/12/16,94.63,96,94.2,95.86,101058
2016/12/19,95.47,95.65,94.36,94.67,82045
2016/12/20,94,94.97,93.48,94.75,104546
2016/12/21,95.375,96.52,95.18,96.245,104726
2016/12/22,96.39,96.99,96.08,96.98,83802
2016/12/23,96.85,96.97,96.39,96.57,76508
2016/12/26,96.3,96.8,96.16,96.65,58180
2016/12/27,96.605,96.67,96.06,96.195,43405
2016/12/28,96.105,96.73,96.01,96.635,58964
2016/12/29,96.63,97.675,96.61,97.675,66392
2016/12/30,97.71,97.98,97.23,97.32,59144
2017/1/3,97.395,97.555,97.115,97.39,51458
2017/1/4,97.27,97.65,97.035,97.23,63421
2017/1/5,97.175,97.48,96.885,97.45,67878
2017/1/6,97.55,97.69,97.135,97.24,54594
2017/1/9,97.205,97.68,97.09,97.635,39970
2017/1/10,97.84,97.89,97.54,97.59,41416
2017/1/11,97.48,97.57,97.21,97.27,36552
2017/1/12,97.36,97.66,97.35,97.355,36601
2017/1/13,97.39,97.61,97.335,97.495,28979
2017/1/16,97.48,97.72,96.85,96.86,45653
2017/1/17,96.5,96.83,96.485,96.6,35413
2017/1/18,95.29,95.57,95.17,95.24,19466
2017/1/19,95.085,95.6,94.965,95.495,28038
2017/1/20,95.47,95.98,95.41,95.77,28193
2017/1/23,95.79,95.84,95.6,95.705,13967
2017/1/24,95.75,95.98,94.8,94.895,32824
2017/1/25,94.565,94.765,94.29,94.6,53533
2017/1/26,94.56,94.67,94.17,94.27,28293
2017/2/3,94.27,94.52,92.96,93.495,48312
2017/2/6,93.32,93.765,93.305,93.365,43533
2017/2/7,93.2,93.805,93.125,93.68,60748
2017/2/8,93.73,94.18,93.725,94.18,57771
2017/2/9,94.37,94.635,94.21,94.55,54471
2017/2/10,94.49,94.52,94.265,94.355,40869
2017/2/13,94.315,94.79,94.22,94.75,44641
2017/2/14,94.69,94.9,94.315,94.495,62949
2017/2/15,94.335,94.45,94.18,94.305,50508
2017/2/16,94.34,95.145,94.305,95.145,52308
2017/2/17,95.025,95.375,94.92,95.12,66495
2017/2/20,95.295,95.66,95.215,95.625,51492
2017/2/21,95.55,95.55,94.975,95.06,55177
2017/2/22,94.805,95.67,94.805,95.62,65649
2017/2/23,95.6,95.93,95.42,95.61,60564
2017/2/24,95.61,95.96,95.38,95.655,64745
2017/2/27,95.76,96.115,95.5,95.565,55850
2017/2/28,95.5,95.915,95.45,95.83,49942
2017/3/1,95.7,95.74,95.15,95.175,63650
2017/3/2,95.095,95.3,94.96,95.115,49569
2017/3/3,95.115,95.32,94.935,94.975,44542
2017/3/6,95,95.085,94.86,94.935,37014
2017/3/7,94.91,95.195,94.865,95.155,44347
2017/3/8,95.16,95.235,94.635,94.675,54665
2017/3/9,94.61,95.04,94.485,94.55,59041
2017/3/10,94.505,94.75,94.47,94.685,40887
2017/3/13,94.65,95.68,94.6,95.48,63019
2017/3/14,95.38,95.61,95.295,95.55,53879
2017/3/15,95.55,95.71,95.37,95.67,48927
2017/3/16,95.91,96.68,95.815,96.355,109383
2017/3/17,96.25,96.525,96.15,96.28,42851
2017/3/20,96.3,96.545,96.12,96.365,43778
2017/3/21,96.2,96.62,96.01,96.58,54341
2017/3/22,96.66,96.765,96.425,96.58,42864
2017/3/23,96.6,96.775,96.305,96.7,49448
2017/3/24,96.655,97.45,96.57,97.315,65277
2017/3/27,97.315,97.44,97.11,97.31,41506
2017/3/28,97.4,97.48,96.87,96.91,55238
2017/3/29,96.87,97.285,96.73,96.905,52717
2017/3/30,96.91,96.99,96.59,96.85,60013
2017/3/31,96.87,97.15,96.66,96.84,55970
2017/4/5,97.01,97.225,96.325,96.54,55792
2017/4/6,96.495,96.82,96.435,96.81,45997
2017/4/7,96.825,97.165,96.815,97.16,58611
2017/4/10,97.095,97.12,96.735,96.835,48719
2017/4/11,96.775,97,96.62,96.935,49011
2017/4/12,97.055,97.18,96.725,96.77,45579
2017/4/13,96.91,97.075,96.58,96.905,54506
2017/4/14,96.9,97,96.46,96.49,45223
2017/4/17,96.37,96.58,96.025,96.065,58016
2017/4/18,95.945,96.255,95.845,96.15,49868
2017/4/19,96.27,96.37,96.07,96.275,45194
2017/4/20,96.15,96.35,95.96,96.225,44695
2017/4/21,96.1,96.24,95.725,95.835,49903
2017/4/24,95.69,95.78,95.27,95.39,53953
2017/4/25,95.39,95.96,95.385,95.88,52088
2017/4/26,95.795,96.08,95.755,95.93,48499
2017/4/27,95.95,96.25,95.825,96.095,49323
2017/4/28,96.045,96.105,95.795,95.91,42757
2017/5/2,95.9,96.13,95.67,95.775,45897
2017/5/3,95.655,95.775,95.33,95.665,49962
2017/5/4,95.64,95.78,95.18,95.18,51021
2017/5/5,95.22,95.36,95.065,95.235,43937
2017/5/8,95.2,95.325,94.79,94.84,37729
2017/5/9,94.02,94.35,94.01,94.015,27113
2017/5/10,94.1,94.27,93.505,93.65,48686
2017/5/11,93.785,94.41,93.62,94.315,60856
2017/5/12,94.3,94.64,93.97,93.995,65956
2017/5/15,94.3,94.75,94.28,94.515,65247
2017/5/16,94.455,94.505,94.15,94.325,56179
2017/5/17,94.36,94.525,94.065,94.445,64620
2017/5/18,94.68,94.875,94.5,94.705,67671
2017/5/19,94.65,94.755,94.38,94.66,66374
2017/5/22,94.52,94.595,94.085,94.085,60470
2017/5/23,94.08,94.335,94.025,94.065,54121
2017/5/24,94.065,94.41,93.915,94.305,64775
2017/5/25,94.4,94.535,94.21,94.395,54373
2017/5/26,94.305,94.35,94.105,94.3,45340
2017/5/31,94.42,94.74,94.39,94.71,44116
2017/6/1,94.6,94.85,94.505,94.81,47424
2017/6/2,94.79,94.85,94.575,94.78,45473
2017/6/5,94.785,95.18,94.785,95.01,46525
2017/6/6,94.995,95.11,94.765,94.835,47613
2017/6/7,94.73,95.01,94.49,94.94,75352
2017/6/8,94.94,95.03,94.78,94.86,45876
2017/6/9,94.87,95.11,94.8,94.955,45807
2017/6/12,95.05,95.45,95.05,95.34,47067
2017/6/13,95.58,95.645,95.335,95.435,42871
2017/6/14,95.35,95.625,95.27,95.525,46119
2017/6/15,95.65,95.86,95.305,95.43,61794
2017/6/16,95.33,95.46,95.2,95.345,44074
2017/6/19,95.46,95.985,95.46,95.93,48991
2017/6/20,96.065,96.095,95.765,95.835,47822
2017/6/21,95.8,95.9,95.44,95.485,56934
2017/6/22,95.445,95.525,95.205,95.225,60833
2017/6/23,95.28,95.505,95.27,95.42,44345
2017/6/26,95.49,95.79,95.425,95.75,46936
2017/6/27,95.8,95.93,95.645,95.705,42363
2017/6/28,95.6,95.8,95.55,95.585,43551
2017/6/29,95.52,95.69,95.35,95.415,49394
2017/6/30,95.3,95.33,95.14,95.275,51518
2017/7/3,95.31,95.39,94.9,94.9,49337
2017/7/4,94.85,95.065,94.85,94.995,39771
2017/7/5,94.92,95.265,94.905,95.235,48825
2017/7/6,95.295,95.465,95.23,95.35,43286
2017/7/7,95.25,95.435,95.105,95.115,49234
2017/7/10,95.15,95.3,95.05,95.095,39517
2017/7/11,95.075,95.35,95.06,95.19,45964
2017/7/12,95.28,95.48,95.19,95.27,49165
2017/7/13,95.375,95.575,95.31,95.405,47810
2017/7/14,95.35,95.4,95.25,95.395,30873
2017/7/17,95.44,95.66,95.35,95.41,45520
2017/7/18,95.3,95.3,95.03,95.135,42281
2017/7/19,95.2,95.28,95.07,95.1,40537
2017/7/20,95.18,95.375,95.165,95.34,34370
2017/7/21,95.38,95.44,95.195,95.22,30053
2017/7/24,95.255,95.355,95.225,95.335,26075
2017/7/25,95.335,95.385,95.085,95.12,35911
2017/7/26,95.01,95.09,94.85,94.85,34048
2017/7/27,94.95,95.09,94.755,95.05,48243
2017/7/28,95.04,95.07,94.905,94.96,24772
2017/7/31,94.98,94.98,94.66,94.685,34672
2017/8/1,94.665,94.77,94.5,94.55,37342
2017/8/2,94.685,94.77,94.585,94.645,33191
2017/8/3,94.645,94.79,94.56,94.72,33168
2017/8/4,94.75,94.875,94.68,94.74,29973
2017/8/7,94.6,94.64,94.355,94.385,30420
2017/8/8,94.28,94.43,94.215,94.355,23549
2017/8/9,94.415,94.475,94.28,94.345,26700
2017/8/10,94.41,94.555,94.405,94.49,31123
2017/8/11,94.61,94.76,94.61,94.65,29224
2017/8/14,94.64,94.96,94.52,94.95,41076
2017/8/15,95.04,95.085,94.905,94.975,31551
2017/8/16,94.88,94.97,94.84,94.92,31363
2017/8/17,94.98,94.985,94.8,94.955,28689
2017/8/18,95.015,95.11,94.905,94.92,30682
2017/8/21,94.86,94.89,94.73,94.825,26797
2017/8/22,94.825,94.87,94.64,94.815,34500
2017/8/23,94.85,94.95,94.735,94.74,32640
2017/8/24,94.77,94.785,94.585,94.695,32232
2017/8/25,94.64,94.735,94.575,94.61,24391
2017/8/28,94.635,94.67,94.505,94.505,27437
2017/8/29,94.46,94.695,94.42,94.68,28107
2017/8/30,94.65,94.78,94.575,94.77,30471
2017/8/31,94.71,94.87,94.705,94.85,27128
2017/9/1,94.8,94.85,94.725,94.725,20612
2017/9/4,94.68,94.805,94.625,94.695,25078
2017/9/5,94.67,94.68,94.495,94.495,32628
2017/9/6,94.57,94.74,94.55,94.71,32073
2017/9/7,94.715,95.01,94.695,94.995,35339
2017/9/8,95.13,95.26,95.03,95.155,38237
2017/9/11,95.125,95.195,95.045,95.045,26565
2017/9/12,95,95.225,94.955,95.13,34371
2017/9/13,95.12,95.16,94.98,94.995,29465
2017/9/14,95,95.405,94.99,95.39,46483
2017/9/15,95.4,95.465,95.285,95.355,29439
2017/9/18,95.38,95.395,95.05,95.08,36782
2017/9/19,95.075,95.22,95.065,95.185,24753
2017/9/20,95.22,95.23,95.05,95.12,27744
2017/9/21,95.075,95.2,94.77,94.97,35365
2017/9/22,94.985,95.14,94.985,95.115,22040
2017/9/25,95.18,95.335,95.17,95.23,27234
2017/9/26,95.21,95.26,95.155,95.225,19052
2017/9/27,95.18,95.18,95.07,95.16,24695
2017/9/28,95.235,95.3,95.205,95.26,22633
2017/9/29,95.3,95.33,95.14,95.19,19494
2017/10/9,95.165,95.17,94.86,94.865,25014
2017/10/10,94.92,94.995,94.845,94.935,21234
2017/10/11,94.925,94.985,94.83,94.885,23448
2017/10/12,94.89,94.95,94.605,94.615,31493
2017/10/13,94.68,94.77,94.615,94.615,22901
2017/10/16,94.43,94.44,94.26,94.315,31054
2017/10/17,94.27,94.385,93.89,93.995,46056
2017/10/18,94.14,94.17,93.865,94.04,41795
2017/10/19,94.16,94.5,94.075,94.175,45421
2017/10/20,94.15,94.315,94.07,94.08,32433
2017/10/23,94.06,94.205,93.935,94.16,32747
2017/10/24,94.155,94.22,94.06,94.145,20919
2017/10/25,94.06,94.075,93.57,93.575,46180
2017/10/26,93.62,93.78,93.32,93.77,51865
2017/10/27,93.75,93.76,93.26,93.275,37233
2017/10/30,93.07,93.085,92.23,92.56,81935
2017/10/31,92.745,92.88,92.51,92.68,58772
2017/11/1,92.725,93.085,92.71,92.935,51549
2017/11/2,92.9,93.07,92.78,92.83,40290
2017/11/3,92.805,92.985,92.645,92.905,45611
2017/11/6,92.88,93.105,92.81,93.065,32679
2017/11/7,93.03,93.06,92.575,92.7,43740
2017/11/8,92.7,92.97,92.51,92.85,41189
2017/11/9,92.99,93.05,92.75,92.805,21591
2017/11/10,92.805,92.87,92.58,92.75,25643
2017/11/13,92.75,92.75,92.085,92.125,49940
2017/11/14,92.15,92.45,91.83,92.445,77340
2017/11/15,92.485,92.59,92.31,92.43,51001
2017/11/16,92.51,92.825,92.48,92.725,47756
2017/11/17,92.695,92.795,92.56,92.695,35073
2017/11/20,92.73,92.88,92.425,92.605,51677
2017/11/21,92.45,92.65,92.22,92.555,67800
2017/11/22,92.27,92.34,92.01,92.05,55862
2017/11/23,92.075,92.355,92.035,92.105,48063
2017/11/24,92.305,92.55,92.22,92.48,44399
2017/11/27,92.565,92.605,92.35,92.42,36510
2017/11/28,92.45,92.575,92.22,92.3,44992
2017/11/29,92.29,93.03,92.21,92.975,53986
2017/11/30,92.855,93.12,92.695,93.04,45815
2017/12/1,92.91,93.195,92.845,92.98,52469
2017/12/4,92.945,93.1,92.7,92.99,44809
2017/12/5,93.13,93.27,92.81,92.95,55371
2017/12/6,92.97,93.11,92.745,92.985,43523
2017/12/7,93.04,93.085,92.81,92.89,36200
2017/12/8,92.95,92.965,92.63,92.675,40358
2017/12/11,92.67,92.715,92.375,92.48,50294
2017/12/12,92.34,92.555,92.265,92.395,42978
2017/12/13,92.365,92.535,92.315,92.445,35122
2017/12/14,92.6,92.755,92.55,92.63,39281
2017/12/15,92.65,92.98,92.64,92.905,39611
2017/12/18,92.985,93.12,92.78,92.86,31245
2017/12/19,92.865,92.985,92.77,92.82,33751
2017/12/20,92.75,92.905,92.705,92.875,31808
2017/12/21,92.83,92.9,92.71,92.895,31143
2017/12/22,92.905,93.235,92.87,93.22,37665
2017/12/25,93.21,93.295,93.05,93.08,31172
2017/12/26,93.095,93.135,92.915,92.94,29362
2017/12/27,92.95,93.03,92.905,92.99,18054
2017/12/28,93.035,93.25,93.005,93.09,22210
2017/12/29,93.09,93.23,92.885,93.165,32403
2018/1/2,93.17,93.2,92.63,92.64,40041
2018/1/3,92.65,92.755,92.555,92.635,28411
2018/1/4,92.48,92.545,92.27,92.465,29409
2018/1/5,92.5,92.575,92.4,92.45,20664
2018/1/8,92.505,92.69,92.35,92.655,30429
2018/1/9,92.635,92.735,92.57,92.645,22677
2018/1/10,92.48,92.615,92.34,92.34,35541
2018/1/11,92.34,92.41,92.015,92.13,39029
2018/1/12,92.16,92.325,92.14,92.275,22852
2018/1/15,92.15,92.15,91.855,92.04,39065
2018/1/16,92.1,92.175,91.92,91.97,25907
2018/1/17,91.905,92.065,91.72,91.75,40029
2018/1/18,91.7,91.74,91.475,91.495,38472
2018/1/19,91.5,91.665,91.43,91.505,34971
2018/1/22,91.52,91.82,91.43,91.79,33299
2018/1/23,91.85,91.925,91.715,91.755,27618
2018/1/24,91.805,91.95,91.7,91.77,31312
2018/1/25,91.69,91.89,91.635,91.885,27857
2018/1/26,91.945,91.975,91.83,91.905,30142
2018/1/29,91.835,92.01,91.735,91.865,34080
2018/1/30,91.85,91.885,91.76,91.785,27214
2018/1/31,91.845,91.995,91.825,91.94,28355
2018/2/1,91.94,92.195,91.89,92.13,30405
2018/2/2,92.055,92.11,91.965,91.97,23987
2018/2/5,91.95,92,91.67,91.755,28439
2018/2/6,92.03,92.25,91.955,92.095,35934
2018/2/7,92.075,92.15,92,92.145,12476
2018/2/8,92.2,92.265,91.825,91.825,20694
2018/2/9,91.9,92.105,91.74,92.07,31579
2018/2/12,92.07,92.13,91.93,92.13,21443
2018/2/13,92.125,92.2,92,92.02,16386
2018/2/14,92.075,92.075,91.905,91.94,10893
2018/2/22,91.815,91.83,91.645,91.7,18211
2018/2/23,91.725,91.85,91.705,91.795,15358
2018/2/26,91.845,92.39,91.81,92.305,33335
2018/2/27,92.3,92.735,92.225,92.66,40368
2018/2/28,92.58,92.78,92.56,92.645,29641
2018/3/1,92.72,92.845,92.615,92.655,29054
2018/3/2,92.69,92.7,92.575,92.635,21627
2018/3/5,92.64,92.73,92.485,92.63,24608
2018/3/6,92.625,92.99,92.575,92.99,37247
2018/3/7,92.94,93.04,92.865,92.965,27364
2018/3/8,93.13,93.15,92.875,92.94,26075
2018/3/9,92.9,93.095,92.77,92.93,32605
2018/3/12,92.99,93.07,92.89,93.01,21086
2018/3/13,92.96,92.97,92.645,92.695,33870
2018/3/14,92.835,92.84,92.555,92.67,34203
2018/3/15,92.7,92.865,92.69,92.81,24868
2018/3/16,92.82,92.975,92.79,92.83,27126
2018/3/19,92.82,92.94,92.725,92.92,25039
2018/3/20,92.9,93.25,92.87,93.225,38676
2018/3/21,93.21,93.28,93.14,93.175,27989
2018/3/22,93.25,93.475,93.11,93.395,40213
2018/3/23,93.9,94.225,93.785,93.97,47675
2018/3/26,93.85,93.89,93.72,93.8,25864
2018/3/27,93.635,93.78,93.59,93.78,27651
2018/3/28,93.97,94.05,93.745,93.75,27664
2018/3/29,93.765,93.765,93.515,93.68,28717
2018/3/30,93.68,93.9,93.565,93.635,26886
2018/4/2,93.535,93.715,93.43,93.65,27826
2018/4/3,93.77,93.805,93.365,93.47,36378
2018/4/4,93.53,93.64,93.46,93.55,27093
2018/4/9,93.7,93.93,93.625,93.81,31967
2018/4/10,93.75,93.785,93.425,93.52,36523
2018/4/11,93.4,93.765,93.305,93.74,41084
2018/4/12,93.71,93.9,93.54,93.9,36336
2018/4/13,93.765,93.945,93.66,93.88,43616
2018/4/16,93.9,94.365,93.83,94.355,47199
2018/4/17,94.37,94.43,94.19,94.34,36901
2018/4/18,95.07,95.775,95.02,95.345,81675
2018/4/19,95.2,95.28,94.94,95.12,45076
2018/4/20,95.005,95.215,94.94,95.075,34191
2018/4/23,95.01,95.02,94.71,94.805,34792
2018/4/24,94.88,95.02,94.8,94.93,33461
2018/4/25,94.9,94.93,94.55,94.575,34648
2018/4/26,94.515,94.745,94.435,94.685,40552
2018/4/27,94.66,94.775,94.49,94.5,31173
2018/5/2,94.59,94.63,94.34,94.39,29883
2018/5/3,94.45,94.68,94.45,94.59,30908
2018/5/4,94.68,94.77,94.575,94.77,26336
2018/5/7,94.79,94.8,94.395,94.405,29156
2018/5/8,94.35,94.52,94,94.035,45335
2018/5/9,93.945,94.03,93.87,93.885,29578
2018/5/10,93.895,94.15,93.85,94.125,31200
2018/5/11,94.21,94.3,94.05,94.1,32227
2018/5/14,94.16,94.22,93.99,94.105,28138
2018/5/15,93.945,94.095,93.74,94.04,34708
2018/5/16,93.855,94.15,93.81,94.12,29990
2018/5/17,94.15,94.18,93.85,93.895,19893
2018/5/18,93.9,94.1,93.865,94.07,18621
2018/5/21,94.01,94.36,93.995,94.3,27254
2018/5/22,94.34,94.68,94.33,94.66,34173
2018/5/23,94.675,94.705,94.54,94.67,25976
2018/5/24,94.785,94.825,94.575,94.575,28814
2018/5/25,94.6,95.105,94.515,95.085,34605
2018/5/28,95.05,95.11,94.87,94.89,30847
2018/5/29,94.895,95.125,94.775,95.06,33716
2018/5/30,95.34,95.35,95.08,95.15,36494
2018/5/31,95.075,95.165,94.76,94.78,37371
2018/6/1,94.8,95,94.8,94.865,29384
2018/6/4,94.8,94.805,94.565,94.64,27962
2018/6/5,94.63,94.725,94.47,94.53,25420
2018/6/6,94.53,94.715,94.46,94.52,35533
2018/6/7,94.435,94.5,94.285,94.46,27928
2018/6/8,94.495,94.77,94.495,94.705,30326
2018/6/11,94.68,94.78,94.59,94.705,23764
2018/6/12,94.67,94.67,94.34,94.35,29882
2018/6/13,94.47,94.65,94.42,94.63,30249
2018/6/14,94.62,95.045,94.615,94.93,41727
2018/6/15,95.15,95.22,95.02,95.105,28753
2018/6/19,95.2,95.59,95.085,95.47,43234
2018/6/20,95.45,95.465,95.02,95.045,42141
2018/6/21,95.155,95.5,95.08,95.395,36816
2018/6/22,95.43,95.68,95.245,95.56,47627
2018/6/25,95.5,95.575,95.26,95.3,44585
2018/6/26,95.37,95.47,95.225,95.36,31967
2018/6/27,95.2,95.65,95.2,95.56,37692
2018/6/28,95.61,95.82,95.61,95.715,33504
2018/6/29,95.865,96.16,95.85,95.875,40782
2018/7/2,95.96,96.14,95.83,96.09,29589
2018/7/3,96.17,96.205,95.81,95.835,40757
2018/7/4,95.8,95.88,95.68,95.77,29208
2018/7/5,95.91,96.04,95.79,95.83,33865
2018/7/6,95.81,95.895,95.47,95.605,40570
2018/7/9,95.58,95.655,95.425,95.48,31661
2018/7/10,95.42,95.635,95.37,95.54,35403
2018/7/11,95.705,95.865,95.575,95.83,39986
2018/7/12,95.79,95.795,95.6,95.75,27839
2018/7/13,95.7,96.035,95.695,95.955,35031
2018/7/16,96.2,96.265,96.02,96.1,29987
2018/7/17,96.045,96.185,96.005,96.075,30135
2018/7/18,96.13,96.245,96,96.085,34697
2018/7/19,95.95,96.4,95.795,96.39,49064
2018/7/20,96.485,96.6,95.435,95.605,74365
2018/7/23,95.7,95.85,95.575,95.65,42289
2018/7/24,95.29,95.43,95.215,95.29,38767
2018/7/25,95.24,95.48,95.235,95.415,25656
2018/7/26,95.315,95.62,95.29,95.495,38880
2018/7/27,95.56,95.62,95.42,95.55,28376
2018/7/30,95.6,95.65,95.45,95.52,29492
2018/7/31,95.68,95.935,95.615,95.9,32863
2018/8/1,95.8,96.12,95.745,96.1,38129
2018/8/2,96.07,96.255,95.835,95.98,45857
2018/8/3,95.995,96.285,95.89,96.17,37611
2018/8/6,96.205,96.23,96.015,96.08,34834
2018/8/7,96.03,96.2,95.88,95.895,42846
2018/8/8,95.79,95.93,95.565,95.62,35607
2018/8/9,95.66,95.68,95.24,95.36,36897
2018/8/10,95.4,95.485,95.165,95.385,35640
2018/8/13,95.335,95.415,94.86,95.13,38351
2018/8/14,95.085,95.365,94.99,95.305,22669
2018/8/15,95.335,95.425,95,95.05,26212
2018/8/16,95.13,95.265,94.605,94.675,44760
2018/8/17,94.605,94.76,94.135,94.485,50628
2018/8/20,94.49,94.68,94.225,94.59,37184
2018/8/21,94.55,94.72,94.305,94.595,40855
2018/8/22,94.68,94.875,94.625,94.75,36039
2018/8/23,94.815,94.91,94.62,94.755,33345
2018/8/24,94.85,94.975,94.525,94.645,39849
2018/8/27,94.57,94.73,94.41,94.62,31320
2018/8/28,94.565,94.845,94.455,94.815,38663
2018/8/29,94.78,94.88,94.69,94.84,26741
2018/8/30,94.88,95.125,94.81,95.045,30827
2018/8/31,95,95.17,94.98,95.12,32390
2018/9/3,95.07,95.13,94.86,94.925,27801
2018/9/4,94.935,94.975,94.72,94.795,28549
2018/9/5,94.83,94.91,94.68,94.69,32240
2018/9/6,94.69,94.855,94.635,94.745,29769
2018/9/7,94.75,94.805,94.52,94.685,30362
2018/9/10,94.625,94.675,94.365,94.42,28497
2018/9/11,94.405,94.425,93.915,94.145,47682
2018/9/12,94.155,94.385,94.15,94.335,30071
2018/9/13,94.27,94.475,94.17,94.37,33736
2018/9/14,94.35,94.515,94.295,94.485,34254
2018/9/17,94.55,94.64,94.505,94.55,21642
2018/9/18,94.575,94.635,94.305,94.39,28756
2018/9/19,94.34,94.415,94.205,94.225,29080
2018/9/20,94.125,94.18,93.9,93.94,31576
2018/9/21,93.93,94.2,93.875,94.185,31207
2018/9/25,94.17,94.27,94.115,94.21,18273
2018/9/26,94.2,94.47,94.13,94.46,24421
2018/9/27,94.52,94.735,94.42,94.725,29076
2018/9/28,94.705,94.865,94.665,94.785,23225
2018/10/8,94.82,94.84,94.515,94.675,30534
2018/10/9,94.685,94.89,94.6,94.77,32763
2018/10/10,94.78,94.845,94.68,94.805,24676
2018/10/11,94.94,95.22,94.92,95.165,37403
2018/10/12,95.125,95.225,95.025,95.12,27104
2018/10/15,95.1,95.195,94.965,94.995,23493
2018/10/16,94.955,95.25,94.885,95.235,35080
2018/10/17,95.2,95.35,95.09,95.165,39415
2018/10/18,95.29,95.535,95.255,95.49,35887
2018/10/19,95.55,95.565,95.185,95.32,37817
2018/10/22,95.18,95.205,95.035,95.15,32057
2018/10/23,95.04,95.345,95.035,95.33,35539
2018/10/24,95.28,95.5,95.23,95.47,35714
2018/10/25,95.625,95.695,95.47,95.535,30383
2018/10/26,95.48,95.62,95.435,95.56,26244
2018/10/29,95.605,95.88,95.545,95.78,32775
2018/10/30,95.82,95.87,95.595,95.75,32337
2018/10/31,95.69,95.92,95.555,95.81,38603
2018/11/1,95.85,95.985,95.655,95.95,39511
2018/11/2,95.71,95.795,95.45,95.5,46483
2018/11/5,95.49,95.655,95.435,95.575,41665
2018/11/6,95.595,95.865,95.53,95.81,41438
2018/11/7,95.81,96.04,95.76,95.985,33942
2018/11/8,95.92,96.155,95.865,96.095,34604
2018/11/9,95.995,96.175,95.945,96.005,33683
2018/11/12,96.06,96.075,95.9,95.965,32938
2018/11/13,96.045,96.125,95.915,96.06,32732
2018/11/14,96.45,96.5,96.36,96.44,23419
2018/11/15,96.445,96.56,96.36,96.55,19025
2018/11/16,96.55,96.985,96.505,96.915,27439
2018/11/19,96.975,97.18,96.71,96.785,39810
2018/11/20,96.755,96.905,96.62,96.705,35172
2018/11/21,96.8,96.985,96.635,96.83,41342
2018/11/22,96.79,96.9,96.54,96.595,36660
2018/11/23,96.585,96.71,96.475,96.67,33956
2018/11/26,96.75,96.83,96.36,96.465,42826
2018/11/27,96.42,96.67,96.335,96.63,36655
2018/11/28,96.65,96.745,96.57,96.645,27650
2018/11/29,96.79,96.92,96.715,96.84,34320
2018/11/30,96.925,96.935,96.63,96.68,32092
2018/12/3,96.49,96.835,96.44,96.83,35077
2018/12/4,96.96,97.2,96.915,97.06,46144
2018/12/5,97.295,97.4,96.97,97.025,48917
2018/12/6,97.18,97.22,96.98,97.18,37037
2018/12/7,97.105,97.21,96.92,97.17,40239
2018/12/10,97.34,97.41,97.215,97.285,35563
2018/12/11,97.27,97.39,97.225,97.245,25649
2018/12/12,97.2,97.41,97.155,97.3,33869
2018/12/13,97.19,97.225,96.68,96.69,62469
2018/12/14,96.7,96.83,96.535,96.56,48894
2018/12/17,96.58,96.675,96.25,96.26,41239
2018/12/18,96.26,96.525,96.25,96.47,37545
2018/12/19,96.575,96.72,96.4,96.685,44204
2018/12/20,96.915,97.075,96.74,97.05,45315
2018/12/21,96.955,97.165,96.855,96.9,44537
2018/12/24,96.905,97.01,96.775,96.8,29997
2018/12/25,96.92,97.14,96.92,97.045,33881
2018/12/26,97,97.325,96.935,97.295,44069
2018/12/27,97.095,97.365,97.03,97.31,37799
2018/12/28,97.33,97.775,97.33,97.735,37916
2019/1/2,97.825,98.165,97.75,98.105,33706
2019/1/3,98.23,98.255,97.98,98.16,34453
2019/1/4,98.3,98.37,97.8,97.945,63928
2019/1/7,97.82,98.06,97.755,97.935,40811
2019/1/8,97.98,98.465,97.96,98.455,45168
2019/1/9,98.35,98.39,98.12,98.29,49151
2019/1/10,98.305,98.435,97.925,98.015,49442
2019/1/11,97.925,98.13,97.885,98.045,37082
2019/1/14,98.14,98.18,97.75,97.845,42420
2019/1/15,97.79,97.88,97.575,97.8,42806
2019/1/16,97.86,98.32,97.86,98.295,43475
2019/1/17,98.225,98.41,98.195,98.33,36063
2019/1/18,98.225,98.39,98.06,98.08,43786
2019/1/21,97.995,98.085,97.845,97.96,40255
2019/1/22,97.815,98.075,97.775,98.03,34974
2019/1/23,98.145,98.145,97.73,97.77,54335
2019/1/24,97.79,97.96,97.735,97.8,39409
2019/1/25,97.665,97.75,97.58,97.635,36358
2019/1/28,97.6,97.775,97.39,97.68,45564
2019/1/29,97.78,97.975,97.725,97.905,39824
2019/1/30,98,98.05,97.85,98.04,34571
2019/1/31,98.04,98.23,97.96,98.03,37801
2019/2/1,98.055,98.12,97.9,97.91,25569
2019/2/11,98,98.42,97.95,98.285,32297
2019/2/12,98.265,98.445,98.2,98.235,41289
2019/2/13,98.17,98.28,98.1,98.15,38048
2019/2/14,98.105,98.26,97.845,97.92,39585
2019/2/15,97.965,98.225,97.81,97.96,42778
2019/2/18,97.88,97.98,97.765,97.785,29340
2019/2/19,97.76,98.195,97.745,98.005,31757
2019/2/20,97.43,97.7,97.43,97.65,22949
2019/2/21,97.6,97.73,97.37,97.73,37227
2019/2/22,97.695,97.7,97.465,97.55,31686
2019/2/25,97.495,97.495,97.055,97.2,42579
2019/2/26,97.18,97.21,96.69,96.92,57914
2019/2/27,97.02,97.19,96.915,97.105,48717
2019/2/28,97.18,97.26,96.865,96.945,42701
2019/3/1,96.94,96.99,96.74,96.755,40388
2019/3/4,96.73,97.145,96.63,97.045,53760
2019/3/5,97.04,97.205,97.01,97.12,46216
2019/3/6,97.12,97.34,97.11,97.235,45901
2019/3/7,97.315,97.735,97.315,97.73,46308
2019/3/8,97.85,97.985,97.715,97.755,52578
2019/3/11,97.86,97.945,97.65,97.67,36158
2019/3/12,97.61,97.83,97.565,97.725,40445
2019/3/13,97.77,97.88,97.72,97.805,35345
2019/3/14,97.78,97.795,97.535,97.55,39060
2019/3/15,97.515,97.8,97.31,97.66,55270
2019/3/18,97.62,97.635,97.45,97.505,33886
2019/3/19,97.505,97.69,97.375,97.385,42155
2019/3/20,97.46,97.555,97.365,97.43,36977
2019/3/21,97.55,97.705,97.53,97.635,35798
2019/3/22,97.62,97.845,97.61,97.79,27503
2019/3/25,98,98.155,97.97,98.095,34962
2019/3/26,98.045,98.225,98.015,98.095,36287
2019/3/27,98.095,98.135,97.935,97.945,33596
2019/3/28,98.035,98.15,97.99,98.055,31289
2019/3/29,98,98.02,97.85,97.915,28512
2019/4/1,97.7,97.73,97.42,97.45,43912
2019/4/2,97.235,97.37,97.17,97.255,38953
2019/4/3,97.285,97.39,96.63,96.75,53668
2019/4/4,96.77,96.79,96.455,96.46,50714
2019/4/8,96.44,96.855,96.375,96.68,41709
2019/4/9,96.645,96.75,96.48,96.5,37246
2019/4/10,96.46,96.8,96.39,96.705,54335
2019/4/11,96.75,96.945,96.645,96.85,40659
2019/4/12,96.81,96.885,96.61,96.645,34705
2019/4/15,96.07,96.41,96,96.37,42175
2019/4/16,96.28,96.415,96.075,96.165,35934
2019/4/17,96.19,96.475,95.82,96.42,67857
2019/4/18,96.44,96.52,96.38,96.48,23809
2019/4/19,96.525,96.58,96.37,96.39,32243
2019/4/22,96.215,96.39,96.205,96.22,32142
2019/4/23,96.105,96.38,96.105,96.32,37110
2019/4/24,96.35,96.355,95.89,95.91,41420
2019/4/25,96.025,96.35,95.955,96.09,43655
2019/4/26,96.165,96.43,96.15,96.37,36701
2019/4/29,96.4,96.445,96.165,96.2,36738
2019/4/30,96.3,96.69,96.3,96.675,39258
2019/5/6,96.99,97.06,96.745,96.84,41910
2019/5/7,96.77,96.87,96.71,96.765,28262
2019/5/8,96.875,96.975,96.815,96.905,30869
2019/5/9,96.975,97.09,96.905,97.08,32870
2019/5/10,96.92,97.16,96.805,97.14,39196
2019/5/13,97.235,97.425,97.195,97.41,27293
2019/5/14,97.4,97.45,97.205,97.29,27078
2019/5/15,97.23,97.365,97.085,97.315,31864
2019/5/16,97.36,97.47,97.27,97.38,27496
2019/5/17,97.3,97.455,97.22,97.44,26373
2019/5/20,96.855,97,96.74,96.88,16706
2019/5/21,96.83,96.83,96.6,96.64,25126
2019/5/22,96.59,96.63,96.47,96.57,32722
2019/5/23,96.65,96.84,96.63,96.79,29460
2019/5/24,96.86,96.89,96.735,96.77,24333
2019/5/27,96.675,96.68,96.12,96.3,41383
2019/5/28,96.39,96.62,96.27,96.54,39485
2019/5/29,96.7,96.91,96.65,96.87,29027
2019/5/30,96.78,97.005,96.77,96.885,26292
2019/5/31,96.99,97.05,96.725,96.93,33442
2019/6/3,97.025,97.275,97.015,97.2,28853
2019/6/4,97.23,97.4,97.165,97.355,34459
2019/6/5,97.29,97.515,97.24,97.505,32881
2019/6/6,97.505,97.6,97.41,97.47,32615
2019/6/10,97.45,97.485,97.315,97.41,26794
2019/6/11,97.36,97.365,97.07,97.095,32897
2019/6/12,97.125,97.275,97.12,97.13,29586
2019/6/13,97.22,97.42,97.19,97.34,26361
2019/6/14,97.395,97.605,97.35,97.575,28169
2019/6/17,97.65,97.76,97.61,97.665,21956
2019/6/18,97.605,97.66,97.405,97.49,26638
2019/6/19,97.4,97.49,97.345,97.36,29447
2019/6/20,97.5,97.635,97.36,97.37,31969
2019/6/21,97.335,97.565,97.285,97.475,29167
2019/6/24,97.48,97.485,97.25,97.31,23511
2019/6/25,97.31,97.55,97.31,97.395,33004
2019/6/26,97.42,97.44,97.23,97.265,26597
2019/6/27,97.25,97.395,97.19,97.21,28127
2019/6/28,97.225,97.585,97.21,97.54,42879
2019/7/1,97.35,97.63,97.3,97.605,36124
2019/7/2,97.56,98.1,97.515,98.06,49226
2019/7/3,98.18,98.295,98.09,98.23,37695
2019/7/4,98.15,98.245,98.06,98.215,36837
2019/7/5,98.21,98.21,98.02,98.04,30387
2019/7/8,97.965,98.205,97.91,97.97,36530
2019/7/9,97.97,98.19,97.94,98.16,28805
2019/7/10,98.165,98.27,98.005,98.11,38507
2019/7/11,98.19,98.43,98.085,98.115,51524
2019/7/12,98.1,98.29,98.02,98.29,29826
2019/7/15,98.3,98.48,97.98,97.99,51178
2019/7/16,97.995,98.175,97.99,98.035,31543
2019/7/17,98.07,98.14,98,98.085,29003
2019/7/18,98.15,98.32,98.13,98.27,37302
2019/7/19,98.33,98.35,98.12,98.25,32469
2019/7/22,98.22,98.385,98.135,98.375,28877
2019/7/23,98.445,98.83,98.31,98.38,36748
2019/7/24,98.305,98.32,98.135,98.145,29500
2019/7/25,98.195,98.255,98.135,98.2,21521
2019/7/26,98.18,98.29,98.155,98.24,19402
2019/7/29,98.22,98.265,98.025,98.055,33358
2019/7/30,98.07,98.15,97.955,98.15,30887
2019/7/31,98.22,98.395,98.205,98.39,30728
2019/8/1,98.375,98.465,98.275,98.445,24210
2019/8/2,98.76,98.825,98.665,98.72,26921
2019/8/5,98.725,99.08,98.645,99.065,30911
2019/8/6,99.26,99.275,98.995,99.065,33451
2019/8/7,99.055,99.165,99.04,99.135,24345
2019/8/8,99.08,99.15,99.03,99.125,21024
2019/8/9,99.17,99.33,99.14,99.27,25810
2019/8/12,99.19,99.27,99.125,99.215,19325
2019/8/13,99.405,99.42,99.31,99.345,23746
2019/8/14,98.825,99.16,98.825,99.02,28248
2019/8/15,99.175,99.49,98.925,98.925,34864
2019/8/16,98.995,98.995,98.78,98.85,33245
2019/8/19,98.95,98.965,98.79,98.955,23147
2019/8/20,98.875,98.985,98.835,98.86,26377
2019/8/21,98.865,98.875,98.635,98.65,36209
2019/8/22,98.635,98.78,98.6,98.735,26585
2019/8/23,98.705,98.83,98.615,98.775,28328
2019/8/26,98.995,99.175,98.83,98.835,35479
2019/8/27,98.8,98.93,98.75,98.915,27253
2019/8/28,98.935,99.005,98.86,98.87,22641
2019/8/29,98.88,99.425,98.735,99.235,66503
2019/8/30,99.11,99.145,98.875,98.935,47869
2019/9/2,98.945,99.01,98.74,98.775,31585
2019/9/3,98.81,98.875,98.725,98.745,25362
2019/9/4,98.78,98.975,98.735,98.885,38933
2019/9/5,99.15,99.25,99.06,99.14,28889
2019/9/6,99.15,99.305,99.09,99.17,28364
2019/9/9,99.115,99.165,99.025,99.08,27673
2019/9/10,99.02,99.045,98.9,98.9,27313
2019/9/11,98.87,98.905,98.775,98.78,28714
2019/9/12,98.685,98.735,98.46,98.49,42819
2019/9/16,98.305,98.67,98.23,98.59,37232
2019/9/17,98.75,98.835,98.4,98.42,41853
2019/9/18,98.47,98.59,98.23,98.23,38960
2019/9/19,98.3,98.48,98.285,98.425,34257
2019/9/20,98.465,98.54,98.33,98.535,32523
2019/9/23,98.54,98.605,98.46,98.475,23760
2019/9/24,98.545,98.64,98.31,98.385,36478
2019/9/25,98.405,98.52,98.345,98.505,31561
2019/9/26,98.445,98.51,98.2,98.215,39380
2019/9/27,98.23,98.345,98.035,98.045,35532
2019/9/30,98.06,98.265,97.945,98.235,21446
2019/10/8,98.345,98.5,98.27,98.495,30057
2019/10/9,98.56,98.595,98.4,98.455,26512
2019/10/10,98.47,98.48,98.275,98.32,27249
2019/10/11,98.215,98.235,97.99,98.08,28851
2019/10/14,97.9,98.185,97.865,98.15,38011
2019/10/15,98.14,98.26,98.045,98.135,30697
2019/10/16,98.18,98.275,98.08,98.095,26359
2019/10/17,98.165,98.315,98.13,98.31,29181
2019/10/18,98.295,98.295,98.015,98.04,36415
2019/10/21,98.045,98.05,97.685,97.785,41886
2019/10/22,97.715,97.815,97.675,97.76,28804
2019/10/23,97.815,97.89,97.665,97.875,36226
2019/10/24,97.86,97.87,97.765,97.835,21868
2019/10/25,97.825,97.89,97.67,97.685,28413
2019/10/28,97.6,97.625,97.37,97.42,36959
2019/10/29,97.37,97.54,97.35,97.42,31449
2019/10/30,97.45,97.5,96.98,97.11,50442
2019/10/31,97.36,97.49,97.215,97.485,45224
2019/11/1,97.58,97.6,97.43,97.5,25963
2019/11/4,97.39,97.465,97.28,97.415,30711
2019/11/5,97.29,97.825,97.25,97.795,55325
2019/11/6,97.79,97.91,97.755,97.855,34231
2019/11/7,97.79,97.86,97.715,97.81,29717
2019/11/8,97.6,97.745,97.575,97.655,29365
2019/11/11,97.655,97.97,97.63,97.97,32924
2019/11/12,98.035,98.065,97.835,97.85,29673
2019/11/13,97.9,97.995,97.84,97.98,21906
2019/11/14,97.99,98.09,97.84,97.895,29542
2019/11/15,97.94,98.04,97.825,98.01,28136
2019/11/18,97.655,98.1,97.655,98.06,28265
2019/11/19,98.15,98.25,98.11,98.165,21937
2019/11/20,98.2,98.235,98.05,98.125,30846
2019/11/21,98.16,98.285,98.125,98.175,28147
2019/11/22,98.12,98.185,98.03,98.145,27735
2019/11/25,98.09,98.13,97.88,97.915,31073
2019/11/26,97.91,98.065,97.855,98.065,31802
2019/11/27,98.035,98.14,97.99,98.01,29131
2019/11/28,98.04,98.115,98.005,98.015,22519
2019/11/29,98.015,98.15,97.945,98.015,29704
2019/12/2,97.87,97.875,97.645,97.685,34494
2019/12/3,97.725,97.805,97.675,97.79,25740
2019/12/4,97.95,97.98,97.825,97.875,27029
2019/12/5,97.83,97.935,97.765,97.885,22331
2019/12/6,97.87,97.91,97.65,97.715,29766
2019/12/9,97.65,97.695,97.55,97.655,27501
2019/12/10,97.7,97.835,97.66,97.825,32923
2019/12/11,97.755,97.945,97.71,97.925,31936
2019/12/12,97.915,98.005,97.88,97.955,29656
2019/12/13,97.825,97.905,97.75,97.76,34426
2019/12/16,97.805,97.845,97.715,97.765,33276
2019/12/17,97.715,97.72,97.45,97.53,46967
2019/12/18,97.48,97.615,97.425,97.455,36294
2019/12/19,97.485,97.58,97.45,97.56,27308
2019/12/20,97.56,97.91,97.53,97.9,37001
2019/12/23,97.86,97.99,97.84,97.985,29772
2019/12/24,98.08,98.155,98.01,98.045,36380
2019/12/25,98.07,98.13,98,98.13,26879
2019/12/26,98.135,98.365,98.105,98.245,39867
2019/12/27,98.2,98.245,98.055,98.195,33751
2019/12/30,98.1,98.205,98.02,98.2,29051
2019/12/31,98.17,98.235,98.11,98.135,27825
2020/1/2,98.09,98.125,97.94,98.015,35081
2020/1/3,98.01,98.075,97.86,97.975,34318
2020/1/6,98.055,98.275,97.995,98.18,34127
2020/1/7,98.125,98.15,97.99,98.005,35800
2020/1/8,98.12,98.15,97.955,98.11,37795
2020/1/9,98.04,98.39,97.92,98.23,58162
2020/1/10,98.265,98.575,98.23,98.56,44323
2020/1/13,98.55,98.585,98.455,98.5,26698
2020/1/14,98.44,98.475,98.36,98.44,35781
2020/1/15,98.51,98.625,98.41,98.525,37848
2020/1/16,98.495,98.56,98.36,98.45,43538
2020/1/17,98.45,98.65,98.35,98.62,47964
2020/1/20,98.685,98.92,98.66,98.915,33605
2020/1/21,98.9,99.19,98.87,99.165,41159
2020/1/22,99.365,99.445,99.13,99.13,33043
2020/1/23,99.325,99.7,99.24,99.69,37670
2020/2/3,100.9,101.505,100.795,100.97,52196
2020/2/4,100.965,100.985,100.78,100.785,33651
2020/2/5,100.65,100.905,100.58,100.865,39011
2020/2/6,100.8,100.975,100.735,100.91,34478
2020/2/7,100.95,101.185,100.935,101.18,34681
2020/2/10,101.3,101.3,101.045,101.08,34211
2020/2/11,101.04,101.08,100.685,100.73,45899
2020/2/12,100.68,100.86,100.605,100.715,35641
2020/2/13,100.77,100.89,100.65,100.87,34674
2020/2/14,100.86,100.895,100.375,100.39,38085
2020/2/17,99.96,100.1,99.705,99.745,28353
2020/2/18,99.88,100.165,99.85,100.11,32910
2020/2/19,100.065,100.21,100.05,100.1,32091
2020/2/20,100.045,100.075,99.78,99.885,47349
2020/2/21,100.04,100.3,100.035,100.23,47436
2020/2/24,100.43,100.57,100.38,100.47,42692
2020/2/25,100.59,100.59,100.36,100.45,43646
2020/2/26,100.55,100.62,100.285,100.435,50166
2020/2/27,100.55,100.725,100.46,100.625,48591
2020/2/28,100.845,101.115,100.8,101.11,60104
2020/3/2,101.205,101.24,100.785,100.93,58093
2020/3/3,100.71,100.9,100.59,100.795,49591
2020/3/4,101.05,101.26,101.01,101.22,58620
2020/3/5,101.15,101.225,101.025,101.165,43863
2020/3/6,101.295,101.52,101.26,101.48,54666
2020/3/9,102.125,102.255,101.865,101.935,59262
2020/3/10,101.76,101.825,101.16,101.2,78559
2020/3/11,101.08,101.54,101.07,101.53,57432
2020/3/12,101.485,101.675,101.295,101.315,64284
2020/3/13,101.405,101.545,100.855,100.995,96807
2020/3/16,101.28,101.37,100.81,101.065,75564
2020/3/17,101,101.025,100.61,100.62,76465
2020/3/18,100.48,101.09,100.48,101.025,74457
2020/3/19,100.93,101.045,100.535,100.65,78058
2020/3/20,100.715,100.98,100.65,100.825,55854
2020/3/23,101.08,101.345,101.03,101.33,52057
2020/3/24,101.29,101.58,101.18,101.375,64862
2020/3/25,101.25,101.79,101.165,101.57,68489
2020/3/26,101.63,101.87,101.6,101.77,55744
2020/3/27,101.84,101.895,101.52,101.55,62155
2020/3/30,101.45,101.785,101.39,101.615,65836
2020/3/31,101.56,101.93,101.44,101.925,56310
2020/4/1,102.1,102.2,101.95,102.13,56070
2020/4/2,102.1,102.18,101.82,101.87,54432
2020/4/3,101.77,101.985,101.49,101.5,66326
2020/4/7,101.855,102.8,101.81,102.305,94341
2020/4/8,102.345,102.69,102.21,102.675,61566
2020/4/9,102.55,102.56,102.16,102.38,58585
2020/4/10,102.395,102.395,101.945,102.195,77049
2020/4/13,102.14,102.325,101.93,102.23,53193
2020/4/14,102.3,102.425,102.16,102.215,50759
2020/4/15,102.31,102.53,102.27,102.43,56154
2020/4/16,102.575,102.755,102.54,102.59,45407
2020/4/17,102.595,102.675,102.305,102.31,60354
2020/4/20,102.33,102.455,102.025,102.125,53405
2020/4/21,102.13,102.285,102.07,102.18,52287
2020/4/22,102.285,102.54,102.25,102.445,50249
2020/4/23,102.45,103.22,102.32,103.085,80223
2020/4/24,103.22,103.485,103.005,103.315,75000
2020/4/27,103.025,103.13,102.92,103.105,45013
2020/4/28,103.125,103.305,103.07,103.26,44219
2020/4/29,103.3,103.485,103.235,103.47,40650
2020/4/30,103.37,103.39,102.92,102.94,46892
2020/5/6,102.97,103.115,102.595,102.635,42113
2020/5/7,102.51,102.595,102.09,102.105,63299
2020/5/8,102.19,102.32,101.78,102.14,75236
2020/5/11,102.065,102.13,101.545,101.635,64331
2020/5/12,101.805,102.04,101.67,101.895,62297
2020/5/13,101.915,102.035,101.595,101.655,52708
2020/5/14,101.71,101.77,101.215,101.695,57460
2020/5/15,101.15,101.23,100.74,101.12,76984
2020/5/18,100.96,100.99,100.53,100.61,80439
2020/5/19,100.385,100.855,100.255,100.7,83497
2020/5/20,100.8,101.095,100.71,100.93,68304
2020/5/21,100.94,101.215,100.905,101.04,62529
2020/5/22,101.24,101.73,101.235,101.725,81408
2020/5/25,101.55,101.58,101.185,101.215,60508
2020/5/26,101.15,101.48,100.665,100.795,84801
2020/5/27,100.81,100.995,100.7,100.925,76012
2020/5/28,101,101.315,100.915,101.18,79241
2020/5/29,101.23,101.37,100.96,100.985,67505
2020/6/1,101.15,101.195,100.71,100.805,59484
2020/6/2,100.68,100.7,100.295,100.3,83262
2020/6/3,100.21,100.405,99.895,100.375,113223
2020/6/4,100.21,100.375,100.025,100.105,63813
2020/6/5,100.045,100.225,99.795,99.845,83945
2020/6/8,99.835,100.255,99.725,100.175,65959
2020/6/9,100.14,100.355,100.02,100.05,62231
2020/6/10,100.145,100.24,99.925,100.125,67476
2020/6/11,100.195,100.54,100.135,100.44,66178
2020/6/12,100.7,100.76,100.54,100.655,67312
2020/6/15,100.81,101.03,100.66,100.785,66016
2020/6/16,100.3,100.43,100.14,100.16,75157
2020/6/17,100.105,100.275,100.035,100.065,61683
2020/6/18,100.385,100.465,100.04,100.195,73885
2020/6/19,100.205,100.24,99.95,100.22,66307
2020/6/22,100.155,100.23,99.94,99.95,47200
2020/6/23,99.895,100.11,99.645,99.91,82356
2020/6/24,99.98,100.205,99.935,100.145,50684
2020/6/29,100.13,100.345,100.055,100.19,48449
2020/6/30,100.145,100.32,99.99,100.315,55126
2020/7/1,100.28,100.4,100.18,100.25,48642
2020/7/2,100.295,100.33,100.13,100.275,50770
2020/7/3,100.16,100.21,99.94,99.965,60152
2020/7/6,99.77,99.8,98.92,98.935,87906
2020/7/7,98.6,99.06,98.485,98.97,87000
2020/7/8,98.905,98.995,98.425,98.535,89459
2020/7/9,98.405,98.575,98.025,98.435,121408
2020/7/10,98.49,98.79,98.46,98.57,86832
2020/7/13,98.59,98.615,98.235,98.38,80519
2020/7/14,98.56,98.76,98.55,98.62,76421
2020/7/15,98.6,99.035,98.49,99.025,89131
2020/7/16,98.99,99.36,98.9,99.27,84554
2020/7/17,99.21,99.465,99.045,99.185,83262
2020/7/20,99.17,99.255,99.02,99.245,57194
2020/7/21,99.495,99.57,99.28,99.385,61456
2020/7/22,99.325,99.775,99.085,99.77,77308
2020/7/23,99.7,99.79,99.52,99.655,62627
2020/7/24,99.62,100.075,99.56,99.985,72801
2020/7/27,99.93,99.96,99.73,99.855,50301
2020/7/28,99.625,99.715,99.455,99.5,65595
2020/7/29,99.51,99.58,99.17,99.235,58675
2020/7/30,99.13,99.275,99.075,99.16,49201
2020/7/31,99.055,99.085,98.78,98.84,68138
2020/8/3,98.64,99.115,98.64,99.07,59186
2020/8/4,98.995,99.275,98.925,99.19,57324
2020/8/5,99.235,99.39,98.955,98.99,71706
2020/8/6,98.88,99.115,98.835,98.89,59968
2020/8/7,98.84,99.06,98.655,98.795,75239
2020/8/10,98.865,99.275,98.84,99.265,60980
2020/8/11,99.245,99.245,98.935,99.195,69250
2020/8/12,99.165,99.35,98.86,99.3,75056
2020/8/13,99.175,99.445,99.16,99.33,49721
2020/8/14,99.45,99.615,99.315,99.5,51363
2020/8/17,99.65,99.7,99.47,99.56,41612
2020/8/18,99.495,99.565,99.29,99.365,39601
2020/8/19,99.285,99.415,99.03,99.055,34542
2020/8/20,98.43,98.5,98.11,98.185,56518
2020/8/21,98.195,98.46,98.19,98.38,46839
2020/8/24,98.33,98.51,98.27,98.285,45655
2020/8/25,98.125,98.16,97.875,97.935,76706
2020/8/26,97.99,98.135,97.7,97.71,60357
2020/8/27,97.74,97.915,97.65,97.825,60553
2020/8/28,97.71,97.835,97.575,97.795,70500
2020/8/31,97.805,98.08,97.785,98.045,50067
2020/9/1,98.045,98.12,97.905,97.97,49154
2020/9/2,97.81,97.88,97.565,97.695,67547
2020/9/3,97.58,97.885,97.475,97.845,74376
2020/9/4,97.86,97.925,97.67,97.69,46487
2020/9/7,97.605,97.675,97.44,97.59,61523
2020/9/8,97.685,97.97,97.68,97.9,62983
2020/9/9,98,98.29,97.955,98.27,69006
2020/9/10,98.145,98.39,98.105,98.34,58684
2020/9/11,98.21,98.235,97.855,97.86,69248
2020/9/14,97.76,97.765,97.51,97.7,61295
2020/9/15,97.8,98.12,97.705,98.035,67705
2020/9/16,98.1,98.23,97.95,97.955,66042
2020/9/17,97.94,98.105,97.825,97.885,58337
2020/9/18,97.895,98.135,97.78,97.865,69559
2020/9/21,97.94,98.305,97.91,98.255,70854
2020/9/22,98.38,98.56,98.255,98.545,79906
2020/9/23,98.48,98.57,98.28,98.415,63093
2020/9/24,98.455,98.595,98.26,98.345,72980
2020/9/25,98.275,98.325,98.065,98.1,68004
2020/9/28,98.09,98.285,98.04,98.275,45643
2020/9/29,98.265,98.275,97.985,98.045,50894
2020/9/30,98.11,98.185,97.73,97.775,50524
2020/10/9,97.54,97.665,97.455,97.455,43798
2020/10/12,97.425,97.68,97.325,97.625,53567
2020/10/13,97.63,97.665,97.505,97.535,46713
2020/10/14,97.51,97.585,97.35,97.525,66644
2020/10/15,97.445,97.62,97.285,97.355,59346
2020/10/16,97.35,97.515,97.255,97.495,53091
2020/10/19,97.485,97.85,97.455,97.815,66414
2020/10/20,97.74,97.895,97.625,97.875,52999
2020/10/21,97.82,97.985,97.765,97.82,55468
2020/10/22,97.925,98.135,97.92,98.13,64567
2020/10/23,98.045,98.16,97.92,97.965,64353
2020/10/26,97.9,98.13,97.85,97.99,59679
2020/10/27,98.02,98.245,97.99,98.215,59150
2020/10/28,98.315,98.365,98.005,98.14,72986
2020/10/29,98.21,98.285,97.985,98.03,60016
2020/10/30,98.02,98.19,97.93,98.085,55574
2020/11/2,98.03,98.315,97.965,98.3,53303
2020/11/3,98.325,98.39,98.235,98.345,59928
2020/11/4,98.3,98.46,98.19,98.44,72945
2020/11/5,98.345,98.485,98.27,98.3,67178
2020/11/6,98.2,98.275,98.055,98.065,57037
2020/11/9,98.03,98.05,97.78,97.88,57940
2020/11/10,97.695,98.06,97.625,97.925,58963
2020/11/11,98.005,98.045,97.86,97.92,44917
2020/11/12,97.82,97.995,97.81,97.845,47029
2020/11/13,97.8,97.925,97.555,97.635,75633
2020/11/16,97.74,97.85,97.6,97.62,50955
2020/11/17,97.63,97.65,97.455,97.515,46272
2020/11/18,97.495,97.515,97.195,97.215,49431
2020/11/19,97.115,97.32,97.075,97.145,40610
2020/11/20,96.84,97.12,96.755,97.02,68173
2020/11/23,97.215,97.35,97.175,97.295,56427
2020/11/24,97.295,97.365,97.165,97.185,48742
2020/11/25,97.165,97.48,97.16,97.45,62833
2020/11/26,97.45,97.51,97.275,97.315,47539
2020/11/27,97.355,97.47,97.175,97.175,56971
2020/11/30,97.35,97.7,97.35,97.67,70718
2020/12/1,97.6,97.625,97.415,97.485,51170
2020/12/2,97.395,97.405,97.18,97.255,55226
2020/12/3,97.3,97.35,97.15,97.235,45120
2020/12/4,97.285,97.485,97.255,97.435,48949
2020/12/7,97.35,97.385,97.225,97.31,52215
2020/12/8,97.395,97.615,97.385,97.535,54091
2020/12/9,97.58,97.61,97.38,97.5,59271
2020/12/10,97.53,97.67,97.53,97.545,48607
2020/12/11,97.52,97.52,97.19,97.215,70528
2020/12/14,97.2,97.295,97.15,97.22,50462
2020/12/15,97.41,97.495,97.34,97.36,54155
2020/12/16,97.38,97.455,97.26,97.345,44365
2020/12/17,97.365,97.425,97.185,97.22,48544
2020/12/18,97.195,97.3,97.055,97.065,53864
2020/12/21,97.185,97.32,97.185,97.27,40717
2020/12/22,97.45,97.69,97.4,97.63,59540
2020/12/23,97.7,97.77,97.64,97.745,53509
2020/12/24,97.725,97.78,97.55,97.605,47625
2020/12/25,97.68,97.87,97.57,97.855,48631
2020/12/28,97.975,98.005,97.845,97.88,40961
2020/12/29,97.98,98.09,97.915,98.02,44125
2020/12/30,97.98,98.22,97.945,98.21,48822
2020/12/31,98.34,98.35,97.925,97.995,60514
2021/1/4,97.95,98.065,97.805,97.84,46679
2021/1/5,97.885,98.135,97.845,98.07,46983
2021/1/6,98.12,98.245,97.995,98.105,55342
2021/1/7,98.225,98.285,98.1,98.125,54330
2021/1/8,98.105,98.12,97.825,97.94,57755
2021/1/11,97.9,97.94,97.655,97.835,62679
2021/1/12,97.85,97.975,97.74,97.965,51395
2021/1/13,97.915,98.085,97.865,98.04,54430
2021/1/14,98.19,98.405,98.085,98.2,68076
2021/1/15,98.19,98.275,97.91,97.92,62019
2021/1/18,97.84,97.9,97.72,97.825,57522
2021/1/19,97.825,97.96,97.805,97.86,43940
2021/1/20,97.96,98.01,97.82,97.97,49212
2021/1/21,98.005,98.185,97.95,98.185,56377
2021/1/22,98.1,98.36,98.015,98.35,58512
2021/1/25,98.27,98.44,98.175,98.335,60305
2021/1/26,98.15,98.15,97.905,97.925,68000
2021/1/27,97.93,98.045,97.85,97.97,55956
2021/1/28,97.9,97.96,97.66,97.68,63120
2021/1/29,97.725,97.825,97.4,97.745,94584
2021/2/1,97.8,97.91,97.75,97.805,44333
2021/2/2,97.81,97.865,97.71,97.75,40100
2021/2/3,97.65,97.675,97.345,97.41,71647
2021/2/4,97.43,97.47,97.155,97.23,61349
2021/2/5,97.18,97.395,97.145,97.235,61003
2021/2/8,97.305,97.315,97.065,97.275,63180
2021/2/9,97.285,97.41,97.22,97.325,42819
2021/2/10,97.24,97.285,97.035,97.14,38216
2021/2/18,96.96,96.96,96.675,96.765,38835
2021/2/19,96.56,96.75,96.56,96.68,49010
2021/2/22,96.54,96.63,96.41,96.605,53557
2021/2/23,96.52,96.745,96.5,96.64,42658
2021/2/24,96.73,96.855,96.695,96.715,46056
2021/2/25,96.6,96.7,96.53,96.65,42935
2021/2/26,96.695,96.73,96.42,96.435,50763
2021/3/1,96.55,96.82,96.545,96.81,49555
2021/3/2,96.835,96.975,96.785,96.865,45479
2021/3/3,96.865,97.015,96.77,96.82,47649
2021/3/4,96.78,96.825,96.66,96.7,46765
2021/3/5,96.62,97.07,96.61,97.045,71503
2021/3/8,96.945,97.205,96.88,97.155,62355
2021/3/9,97.08,97.19,96.91,97.07,68564
2021/3/10,97.05,97.225,96.95,97.175,70841
2021/3/11,97.17,97.2,96.96,96.965,78520
2021/3/12,96.96,97.02,96.85,96.89,57529
2021/3/15,96.885,96.89,96.66,96.745,62560
2021/3/16,96.765,96.905,96.755,96.805,52794
2021/3/17,96.855,96.99,96.855,96.9,54591
2021/3/18,96.905,96.925,96.74,96.795,49064
2021/3/19,96.85,97.12,96.85,97.065,64278
2021/3/22,97.11,97.2,97.05,97.12,40987
2021/3/23,97.08,97.27,97.055,97.22,51667
2021/3/24,97.425,97.55,97.39,97.52,62881
2021/3/25,97.52,97.57,97.43,97.57,44048
2021/3/26,97.52,97.525,97.41,97.44,51600
2021/3/29,97.405,97.455,97.325,97.42,45709
2021/3/30,97.465,97.61,97.305,97.33,60742
2021/3/31,97.34,97.505,97.34,97.485,44663
2021/4/1,97.46,97.49,97.335,97.4,53250
2021/4/2,97.4,97.57,97.375,97.425,55190
2021/4/6,97.4,97.4,97.265,97.345,45309
2021/4/7,97.3,97.365,97.185,97.195,50869
2021/4/8,97.22,97.265,97.115,97.115,51309
2021/4/9,97.195,97.3,97.15,97.205,50321
2021/4/12,97.245,97.49,97.235,97.46,56113
2021/4/13,97.63,97.825,97.63,97.805,70439
2021/4/14,97.775,97.81,97.7,97.79,40615
2021/4/15,97.8,97.82,97.67,97.7,37190
2021/4/16,97.67,97.81,97.62,97.785,48831
2021/4/19,97.765,97.935,97.705,97.865,54793
2021/4/20,97.915,97.955,97.83,97.88,43200
2021/4/21,97.85,97.99,97.82,97.97,60297
2021/4/22,97.92,97.945,97.805,97.885,51805
2021/4/23,97.87,97.97,97.81,97.915,50241
2021/4/26,97.75,97.75,97.605,97.675,63629
2021/4/27,97.685,97.77,97.56,97.58,54230
2021/4/28,97.64,97.73,97.605,97.64,43319
2021/4/29,97.71,97.795,97.565,97.635,57437
2021/4/30,97.645,98.015,97.635,98.015,63785
2021/5/6,98.02,98.125,97.955,98.075,44387
2021/5/7,98.075,98.16,97.9,97.945,55653
2021/5/10,97.905,97.995,97.83,97.99,47675
2021/5/11,98.02,98.235,98.005,98.21,59205
2021/5/12,98.27,98.315,98.17,98.255,53404
2021/5/13,98.185,98.3,98.045,98.3,46474
2021/5/14,98.29,98.44,98.25,98.35,53616
2021/5/17,98.305,98.44,98.17,98.27,56548
2021/5/18,98.28,98.33,98.105,98.22,50835
2021/5/19,98.265,98.515,98.265,98.51,42862
2021/5/20,98.2,98.425,98.115,98.425,94097
2021/5/21,98.41,98.635,98.325,98.61,71343
2021/5/24,98.61,98.65,98.385,98.485,60079
2021/5/25,98.44,98.47,98.3,98.46,60280
2021/5/26,98.48,98.695,98.475,98.56,70938
2021/5/27,98.51,98.525,98.355,98.36,62626
2021/5/28,98.325,98.36,98.2,98.265,63758
2021/5/31,98.23,98.435,98.155,98.38,61957
2021/6/1,98.42,98.57,98.385,98.405,56446
2021/6/2,98.37,98.43,98.18,98.2,71186
2021/6/3,98.24,98.31,98.175,98.295,53363
2021/6/4,98.3,98.37,97.985,98.02,85137
2021/6/7,97.9,97.94,97.785,97.815,61316
2021/6/8,97.905,97.965,97.815,97.86,46698
2021/6/9,97.88,97.91,97.715,97.77,52805
2021/6/10,97.91,97.98,97.855,97.88,54649
2021/6/11,97.88,97.935,97.665,97.69,63532
2021/6/15,97.65,97.805,97.605,97.76,54615
2021/6/16,97.76,97.87,97.73,97.77,60311
2021/6/17,97.7,97.85,97.645,97.675,60387
2021/6/18,97.69,98.04,97.69,98.01,92358
2021/6/21,98.105,98.3,98.075,98.285,66530
2021/6/22,98.2,98.32,98.175,98.31,58862
2021/6/23,98.3,98.4,98.255,98.335,53032
2021/6/24,98.4,98.47,98.28,98.325,54675
2021/6/25,98.32,98.375,98.245,98.285,50435
2021/6/28,98.305,98.4,98.16,98.165,57491
2021/6/29,98.16,98.35,98.14,98.32,56856
2021/6/30,98.295,98.465,98.275,98.42,63598
2021/7/1,98.44,98.535,98.295,98.315,62101
2021/7/2,98.335,98.465,98.33,98.37,57659
2021/7/5,98.43,98.485,98.31,98.395,46459
2021/7/6,98.385,98.44,98.26,98.28,62749
2021/7/7,98.335,98.72,98.305,98.675,92491
2021/7/8,98.985,99.125,98.885,99.065,79106
2021/7/9,99.03,99.115,98.88,99.005,58944
2021/7/12,99.11,99.415,99.035,99.37,78481
2021/7/13,99.42,99.485,99.34,99.425,55596
2021/7/14,99.525,99.73,99.455,99.605,68897
2021/7/15,99.5,99.51,99.215,99.24,83663
2021/7/16,99.28,99.41,99.23,99.39,49118
2021/7/19,99.37,99.43,99.285,99.355,45957
2021/7/20,99.44,99.615,99.43,99.52,65914
2021/7/21,99.5,99.69,99.46,99.685,54302
2021/7/22,99.63,99.63,99.51,99.59,55841
2021/7/23,99.61,99.775,99.61,99.735,62448
2021/7/26,99.84,99.985,99.815,99.93,64774
2021/7/27,99.92,100.08,99.55,99.6,86661
2021/7/28,99.72,99.865,99.68,99.73,59017
2021/7/29,99.805,99.95,99.765,99.855,56456
2021/7/30,100.02,100.365,100.02,100.355,65508
2021/8/2,100.6,100.67,100.315,100.495,86608
2021/8/3,100.48,100.485,100.235,100.33,63468
2021/8/4,100.29,100.32,100.16,100.3,57894
2021/8/5,100.38,100.58,100.315,100.55,51747
2021/8/6,100.45,100.505,100.38,100.485,46889
2021/8/9,100.4,100.4,99.92,99.94,85938
2021/8/10,99.86,100.045,99.775,99.925,63993
2021/8/11,99.9,99.925,99.72,99.8,58983
2021/8/12,99.87,100.08,99.87,100.01,53305
2021/8/13,100.01,100.045,99.82,99.895,60383
2021/8/16,99.94,100.035,99.775,99.805,62722
2021/8/17,99.83,99.985,99.75,99.925,47249
2021/8/18,99.88,100.32,99.815,100.305,48810
2021/8/19,100.13,100.195,99.955,100.13,66313
2021/8/20,100.13,100.155,99.95,99.995,56698
2021/8/23,99.925,99.99,99.805,99.845,53560
2021/8/24,99.77,100.005,99.75,99.995,57279
2021/8/25,100.095,100.22,100.06,100.115,60105
2021/8/26,99.98,99.995,99.725,99.73,73647
2021/8/27,99.84,99.935,99.81,99.9,58772
2021/8/30,99.89,100.15,99.785,100.1,59585
2021/8/31,100.12,100.21,99.94,99.995,60332
2021/9/1,100.065,100.48,100.06,100.46,81600
2021/9/2,100.375,100.48,100.295,100.34,55019
2021/9/3,100.3,100.44,100.26,100.275,47436
2021/9/6,100.32,100.465,100.165,100.2,65629
2021/9/7,100.22,100.23,99.95,99.96,61435
2021/9/8,99.96,100.09,99.84,99.96,66031
2021/9/9,99.955,100.045,99.855,99.88,49071
2021/9/10,99.925,100.005,99.815,99.985,66457
2021/9/13,100.035,100.09,99.59,99.61,83165
2021/9/14,99.61,99.715,99.525,99.655,70536
2021/9/15,99.75,99.85,99.465,99.48,81114
2021/9/16,99.495,99.655,99.43,99.625,71374
2021/9/17,99.72,99.82,99.655,99.785,53439
2021/9/22,99.91,100,99.9,99.97,49210
2021/9/23,99.905,100.155,99.84,100.085,62574
2021/9/24,100,100.055,99.865,99.91,56956
2021/9/27,99.91,100.045,99.765,99.805,62829
2021/9/28,99.785,99.835,99.66,99.715,51388
2021/9/29,99.715,99.96,99.68,99.945,56915
2021/9/30,99.965,100.045,99.765,99.86,57501
2021/10/8,99.74,99.74,99.495,99.505,57686
2021/10/11,99.38,99.38,99.07,99.075,69453
2021/10/12,99.13,99.205,98.985,99.105,65474
2021/10/13,99.145,99.27,99.01,99.125,63596
2021/10/14,99.2,99.285,99.115,99.17,51821
2021/10/15,99.12,99.35,98.955,99.14,88833
2021/10/18,98.72,98.785,98.655,98.67,65646
2021/10/19,98.665,98.945,98.625,98.92,70354
2021/10/20,99.05,99.09,98.84,98.875,63090
2021/10/21,99,99.195,98.98,99.185,54625
2021/10/22,99.11,99.18,99.005,99.04,53364
2021/10/25,99.1,99.165,98.925,99.04,50492
2021/10/26,99.06,99.255,99.01,99.15,53982
2021/10/27,99.175,99.275,99.095,99.15,49810
2021/10/28,99.16,99.335,99.055,99.27,71595
2021/10/29,99.3,99.365,99.115,99.185,58105
2021/11/1,99.265,99.5,99.26,99.49,64329
2021/11/2,99.47,99.76,99.4,99.69,78769
2021/11/3,99.735,99.83,99.6,99.675,57703
2021/11/4,99.675,99.79,99.645,99.755,43281
2021/11/5,99.97,100.145,99.96,100.12,69412
2021/11/8,100.155,100.215,99.96,100.08,52678
2021/11/9,99.99,100.17,99.875,100.155,58700
2021/11/10,100.195,100.28,100.01,100.065,61799
2021/11/11,99.91,100,99.785,99.835,67750
2021/11/12,99.83,99.995,99.74,99.785,52940
2021/11/15,99.81,100.1,99.755,100.075,59937
2021/11/16,100.095,100.205,99.9,100.04,61764
2021/11/17,100.005,100.065,99.925,99.97,43686
2021/11/18,99.995,100.16,99.97,100.11,57351
2021/11/19,100.095,100.21,99.75,99.78,64757
2021/11/22,99.75,99.905,99.75,99.875,64714
2021/11/23,99.825,99.865,99.67,99.815,61754
2021/11/24,99.87,100.18,99.825,100.145,70410
2021/11/25,100.09,100.155,100.035,100.08,51086
2021/11/26,100.185,100.415,100.185,100.355,57084
2021/11/29,100.33,100.355,100.185,100.275,57253
2021/11/30,100.14,100.265,100.02,100.22,69027
2021/12/1,100.16,100.175,100.02,100.085,50982
2021/12/2,100.085,100.14,99.89,99.92,68080
2021/12/3,99.925,99.97,99.725,99.745,68812
2021/12/6,100.16,100.265,100.115,100.195,66577
2021/12/7,100.145,100.165,99.785,99.805,91909
2021/12/8,99.805,99.895,99.705,99.765,56681
2021/12/9,99.765,99.94,99.655,99.855,68392
2021/12/10,99.93,100.07,99.915,100.015,54030
2021/12/13,99.95,100.04,99.715,99.91,75380
2021/12/14,99.96,100.185,99.96,100.105,62767
2021/12/15,100.005,100.18,99.96,100.145,50745
2021/12/16,100.065,100.08,99.86,99.975,62742
2021/12/17,99.97,100.24,99.915,100.08,77415
2021/12/20,100.005,100.155,99.855,100.055,62042
2021/12/21,100.015,100.105,99.92,100.1,59370
2021/12/22,100.06,100.325,100.04,100.315,68816
2021/12/23,100.325,100.5,100.3,100.485,61897
2021/12/24,100.445,100.52,100.33,100.375,50852
2021/12/27,100.47,100.67,100.395,100.465,65056
2021/12/28,100.55,100.58,100.405,100.53,46854
2021/12/29,100.615,100.68,100.535,100.635,51661
2021/12/30,100.59,100.88,100.51,100.855,63184
2021/12/31,100.705,100.835,100.67,100.735,52131
2022/1/4,100.63,100.755,100.525,100.75,62088
2022/1/5,100.7,100.73,100.53,100.6,57614
2022/1/6,100.495,100.5,100.35,100.39,70477
2022/1/7,100.38,100.48,100.33,100.41,51187
2022/1/10,100.48,100.605,100.455,100.55,51591
2022/1/11,100.525,100.715,100.46,100.69,57865
2022/1/12,100.715,100.815,100.615,100.635,64971
2022/1/13,100.625,100.74,100.59,100.63,52859
2022/1/14,100.69,100.79,100.61,100.675,64448
2022/1/17,100.85,101.02,100.695,100.73,79148
2022/1/18,100.805,101.085,100.805,101.055,71717
2022/1/19,101.375,101.405,101.215,101.245,68192
2022/1/20,101.255,101.285,101.13,101.205,48368
2022/1/21,101.275,101.4,101.21,101.38,51363
2022/1/24,101.56,101.58,101.36,101.5,55110
2022/1/25,101.495,101.525,101.35,101.52,52477
2022/1/26,101.395,101.445,101.165,101.245,69214
2022/1/27,101.19,101.29,101.06,101.115,52619
2022/1/28,101.2,101.44,101.07,101.415,56506
2022/2/7,101.23,101.31,100.9,101.17,66027
2022/2/8,101.24,101.35,101.13,101.195,53826
2022/2/9,101.13,101.19,101.045,101.12,58255
2022/2/10,101.17,101.215,101.05,101.085,48588
2022/2/11,100.75,100.8,100.54,100.65,93098
2022/2/14,100.7,100.75,100.52,100.535,58811
2022/2/15,100.585,100.68,100.525,100.53,61070
2022/2/16,100.61,100.69,100.505,100.66,52527
2022/2/17,100.45,100.49,100.34,100.39,61441
2022/2/18,100.345,100.49,100.21,100.22,66926
2022/2/21,100.145,100.24,99.76,99.79,96764
2022/2/22,99.88,99.95,99.76,99.825,85369
2022/2/23,99.995,100.06,99.91,100.005,75457
2022/2/24,100.135,100.25,100.015,100.055,96150
2022/2/25,100,100.225,99.975,100.215,63624
2022/2/28,100.25,100.35,100.205,100.235,54191
2022/3/1,100.275,100.295,99.96,99.99,75854
2022/3/2,99.87,99.98,99.835,99.915,70813
2022/3/3,99.875,99.91,99.56,99.59,95956
2022/3/4,99.74,99.855,99.58,99.795,87601
2022/3/7,99.68,99.985,99.605,99.88,102839
2022/3/8,99.88,100.035,99.87,99.99,70970
2022/3/9,99.825,99.855,99.55,99.745,107449
2022/3/10,99.83,99.9,99.64,99.65,65468
2022/3/11,99.65,100.28,99.53,100.22,150680
2022/3/14,100.5,100.7,100.49,100.675,118423
2022/3/15,100.37,100.68,100.1,100.205,150437
2022/3/16,100.175,100.6,99.965,100.36,123701
2022/3/17,100.36,100.42,100.25,100.38,64750
2022/3/18,100.445,100.59,100.325,100.52,60925
2022/3/21,100.4,100.46,100.315,100.365,52064
2022/3/22,100.215,100.215,100.015,100.035,76008
2022/3/23,100.11,100.285,100.08,100.15,68096
2022/3/24,100.13,100.36,100.045,100.345,63951
2022/3/25,100.28,100.43,100.255,100.41,53991
2022/3/28,100.48,100.515,100.35,100.405,52660
2022/3/29,100.44,100.495,100.355,100.42,46728
2022/3/30,100.53,100.715,100.47,100.665,60935
2022/3/31,100.58,100.65,100.355,100.44,58157
2022/4/1,100.49,100.66,100.455,100.565,52848
2022/4/6,100.565,100.74,100.565,100.67,46795
2022/4/7,100.74,100.925,100.685,100.865,54167
2022/4/8,100.845,100.92,100.725,100.78,50424
2022/4/11,100.805,100.85,100.58,100.61,61045
2022/4/12,100.655,100.99,100.36,100.51,114210
2022/4/13,100.57,100.685,100.56,100.67,46830
2022/4/14,100.775,100.84,100.645,100.685,53901
2022/4/15,100.61,100.82,100.575,100.65,71349
2022/4/18,100.48,100.495,100.215,100.235,84775
2022/4/19,100.31,100.33,100.12,100.19,58659
2022/4/20,100.13,100.205,100.085,100.17,70307
2022/4/21,100.185,100.29,100.175,100.245,49943
2022/4/22,100.215,100.25,100.015,100.1,63673
2022/4/25,100.18,100.355,100.18,100.33,66516
2022/4/26,100.325,100.33,100.225,100.275,49363
2022/4/27,100.21,100.255,100.125,100.19,61910
2022/4/28,100.13,100.145,100.045,100.075,63034
2022/4/29,100.125,100.335,100.12,100.3,73217
2022/5/5,100.26,100.47,100.25,100.45,48326
2022/5/6,100.42,100.53,100.305,100.5,63678
2022/5/9,100.5,100.595,100.45,100.59,39539
2022/5/10,100.685,100.715,100.59,100.705,51495
2022/5/11,100.61,100.655,100.47,100.57,51921
2022/5/12,100.63,100.715,100.575,100.685,46828
2022/5/13,100.75,100.795,100.55,100.57,50454
2022/5/16,100.49,100.63,100.445,100.625,47966
2022/5/17,100.695,100.705,100.61,100.655,34144
2022/5/18,100.67,100.8,100.54,100.77,42261
2022/5/19,100.45,100.51,100.28,100.38,66160
2022/5/20,100.26,100.32,100.19,100.275,66909
2022/5/23,100.35,100.495,100.35,100.48,51662
2022/5/24,100.44,100.55,100.43,100.515,46424
2022/5/25,100.53,100.675,100.53,100.6,59547
2022/5/26,100.85,100.995,100.805,100.965,69417
2022/5/27,100.92,100.995,100.825,100.97,53065
2022/5/30,100.795,100.8,100.695,100.765,53760
2022/5/31,100.665,100.67,100.46,100.52,62920
2022/6/1,100.58,100.59,100.45,100.45,41617
2022/6/2,100.45,100.585,100.355,100.385,57199
2022/6/6,100.405,100.455,100.255,100.265,52125
2022/6/7,100.25,100.445,100.225,100.43,54208
2022/6/8,100.375,100.475,100.34,100.38,47326
2022/6/9,100.36,100.565,100.35,100.49,63133
2022/6/10,100.515,100.575,100.395,100.415,52823
2022/6/13,100.405,100.44,100.325,100.355,37675
2022/6/14,100.28,100.37,100.23,100.35,51925
2022/6/15,100.31,100.34,100.155,100.225,74086
2022/6/16,100.275,100.345,100.255,100.335,48245
2022/6/17,100.35,100.46,100.335,100.395,66828
2022/6/20,100.325,100.335,100.175,100.185,69579
2022/6/21,100.175,100.26,100.135,100.195,54928
2022/6/22,100.235,100.335,100.195,100.335,59723
2022/6/23,100.345,100.385,100.17,100.185,58861
2022/6/24,100.255,100.29,100.065,100.095,71350
2022/6/27,100,100,99.74,99.76,91183
2022/6/28,99.88,99.905,99.625,99.665,84819
2022/6/29,99.75,99.86,99.72,99.78,75489
2022/6/30,99.765,100.03,99.74,99.995,72431
2022/7/1,99.97,100.055,99.92,99.955,60163
2022/7/4,99.895,99.895,99.65,99.75,67586
2022/7/5,99.69,99.86,99.61,99.86,78131
2022/7/6,99.95,100.035,99.89,99.95,69837
2022/7/7,99.9,100.08,99.88,99.975,57990
2022/7/8,99.93,100.03,99.89,99.94,54717
2022/7/11,100.01,100.25,100.005,100.235,69192
2022/7/12,100.275,100.325,100.225,100.32,65296
2022/7/13,100.38,100.415,100.305,100.4,59471
2022/7/14,100.4,100.525,100.39,100.495,63038
2022/7/15,100.525,100.65,100.455,100.605,74193
2022/7/18,100.61,100.69,100.52,100.575,55834
2022/7/19,100.54,100.58,100.46,100.575,54263
2022/7/20,100.525,100.765,100.505,100.735,64819
2022/7/21,100.79,100.885,100.78,100.83,64044
2022/7/22,100.78,100.82,100.69,100.725,59379
2022/7/25,100.7,100.89,100.695,100.73,58701
2022/7/26,100.765,100.95,100.75,100.945,57729
2022/7/27,100.945,100.975,100.825,100.85,55073
2022/7/28,100.81,100.82,100.645,100.715,75438
2022/7/29,100.925,101.11,100.925,101.05,81930
2022/8/1,101.15,101.31,101.15,101.255,64780
2022/8/2,101.33,101.405,101.23,101.345,69790
2022/8/3,101.215,101.41,101.16,101.375,65707
2022/8/4,101.41,101.505,101.275,101.305,77912
2022/8/5,101.305,101.355,101.18,101.235,54036
2022/8/8,101.22,101.315,101.11,101.2,51533
2022/8/9,101.23,101.26,101.075,101.22,63656
2022/8/10,101.245,101.37,101.14,101.14,61026
2022/8/11,101.18,101.35,101.165,101.33,62426
2022/8/12,101.36,101.425,101.185,101.26,61563
2022/8/15,101.6,102.15,101.6,101.94,100509
2022/8/16,102.08,102.155,101.925,101.985,73413
2022/8/17,101.915,102.04,101.885,102.015,51718
2022/8/18,102.11,102.145,102.02,102.115,39677
2022/8/19,101.68,101.7,101.455,101.59,83638
2022/8/22,101.665,101.715,101.465,101.535,64913
2022/8/23,101.48,101.535,101.4,101.43,69348
2022/8/24,101.435,101.53,101.395,101.515,60634
2022/8/25,101.43,101.435,101.25,101.3,71992
2022/8/26,101.305,101.4,101.23,101.37,68817
2022/8/29,101.33,101.49,101.24,101.48,61243
2022/8/30,101.57,101.6,101.415,101.485,72125
2022/8/31,101.485,101.535,101.4,101.435,65381
2022/9/1,101.415,101.725,101.41,101.685,80805
2022/9/2,101.72,101.915,101.6,101.605,69135
2022/9/5,101.65,101.8,101.65,101.71,61804
2022/9/6,101.8,101.84,101.65,101.745,60620
2022/9/7,101.72,101.765,101.58,101.595,76021
2022/9/8,101.54,101.595,101.49,101.57,59902
2022/9/9,101.565,101.645,101.29,101.305,87733
2022/9/13,101.35,101.44,101.325,101.39,52867
2022/9/14,101.295,101.355,101.245,101.28,61898
2022/9/15,101.35,101.415,101.24,101.27,70920
2022/9/16,101.19,101.285,101.085,101.265,84280
2022/9/19,101.265,101.34,101.2,101.335,59779
2022/9/20,101.365,101.475,101.33,101.455,65030
2022/9/21,101.425,101.52,101.41,101.515,63769
2022/9/22,101.535,101.555,101.42,101.46,59894
2022/9/23,101.39,101.39,101.215,101.275,77345
2022/9/26,101.13,101.18,100.89,100.92,92169
2022/9/27,100.945,101.035,100.86,101.025,79989
2022/9/28,100.92,100.92,100.8,100.845,78698
2022/9/29,100.94,101,100.61,100.625,108544
2022/9/30,100.52,100.745,100.46,100.57,90001
2022/10/10,100.68,100.905,100.66,100.89,64650
2022/10/11,100.965,100.99,100.805,100.865,60755
2022/10/12,100.805,101.365,100.795,101.055,95714
2022/10/13,101.03,101.165,100.99,101.12,59243
2022/10/14,101.15,101.405,101.115,101.4,79266
2022/10/17,101.35,101.405,101.28,101.335,51600
2022/10/18,101.305,101.395,101.25,101.355,53695
2022/10/19,101.31,101.45,101.285,101.365,52490
2022/10/20,101.285,101.335,101.09,101.21,74467
2022/10/21,101.205,101.275,101.11,101.125,61169
2022/10/24,101.11,101.35,101.035,101.315,68912
2022/10/25,101.275,101.385,101.12,101.19,81168
2022/10/26,101.245,101.42,101.235,101.395,57373
2022/10/27,101.5,101.59,101.45,101.54,67109
2022/10/28,101.555,101.72,101.53,101.65,59475
2022/10/31,101.79,101.9,101.73,101.77,65018
2022/11/1,101.715,101.775,101.545,101.59,74480
2022/11/2,101.58,101.665,101.425,101.525,71607
2022/11/3,101.58,101.655,101.505,101.535,49135
2022/11/4,101.5,101.505,101.23,101.39,93268
2022/11/7,101.475,101.525,101.385,101.435,65681
2022/11/8,101.37,101.565,101.325,101.55,71497
2022/11/9,101.52,101.615,101.475,101.53,59578
2022/11/10,101.565,101.66,101.48,101.51,54050
2022/11/11,101.61,101.625,100.825,101.12,159324
2022/11/14,100.72,100.76,100.42,100.425,127537
2022/11/15,100.425,100.675,100.415,100.49,109427
2022/11/16,100.655,100.745,100.125,100.27,118626
2022/11/17,99.385,99.84,99.235,99.825,171041
2022/11/18,99.73,99.88,99.48,99.56,137959
2022/11/21,99.75,99.875,99.63,99.675,102799
2022/11/22,99.695,99.825,99.585,99.7,90964
2022/11/23,99.815,100.05,99.8,99.935,109437
2022/11/24,100.13,100.26,100.05,100.11,95127
2022/11/25,100.155,100.2,99.69,99.755,120872
2022/11/28,99.895,99.97,99.5,99.53,88271
2022/11/29,99.405,99.475,99.01,99.2,156244
2022/11/30,99.33,99.445,99.125,99.295,124212
2022/12/1,99.235,99.6,99.2,99.58,119334
2022/12/2,99.605,99.755,99.535,99.61,83579
2022/12/5,99.5,99.68,99.425,99.59,83829
2022/12/6,99.5,99.595,99.27,99.35,97309
2022/12/7,99.2,99.615,99.105,99.585,177088
2022/12/8,99.595,99.855,99.555,99.79,97636
2022/12/9,99.66,99.765,99.575,99.725,90223
2022/12/12,99.79,99.915,99.63,99.72,78738
2022/12/13,99.7,99.73,99.395,99.605,96592
2022/12/14,99.755,100.105,99.72,100.07,101399
2022/12/15,99.995,100.095,99.86,99.955,90659
2022/12/16,99.88,100.09,99.835,99.995,65708
2022/12/19,100.2,100.34,100.1,100.19,61962
2022/12/20,100.205,100.28,100.015,100.02,49735
2022/12/21,100.035,100.31,99.96,100.275,58482
2022/12/22,100.275,100.37,100.22,100.255,45882
2022/12/23,100.28,100.5,100.195,100.485,57026
2022/12/26,100.405,100.435,100.135,100.27,58278
2022/12/27,100.2,100.225,99.915,99.99,57044
2022/12/28,100.045,100.08,99.945,100.06,39813
2022/12/29,100.15,100.24,100.12,100.205,37486
2022/12/30,100.17,100.32,100.115,100.225,41713
2023/1/3,100.28,100.43,100.155,100.37,53874
2023/1/4,100.435,100.54,100.38,100.53,56437
2023/1/5,100.45,100.545,100.415,100.435,47104
