,OPEN,HIGH,LOW,CLOSE,VOLUME,PCT_CHG
2015/3/20,,,,,,
2015/3/23,,,,,,
2015/3/24,,,,,,
2015/3/25,,,,,,
2015/3/26,,,,,,
2015/3/27,,,,,,
2015/3/30,,,,,,
2015/3/31,,,,,,
2015/4/1,,,,,,
2015/4/2,,,,,,
2015/4/3,,,,,,
2015/4/7,,,,,,
2015/4/8,,,,,,
2015/4/9,,,,,,
2015/4/10,,,,,,
2015/4/13,,,,,,
2015/4/14,,,,,,
2015/4/15,,,,,,
2015/4/16,,,,,,
2015/4/17,,,,,,
2015/4/20,,,,,,
2015/4/21,,,,,,
2015/4/22,,,,,,
2015/4/23,,,,,,
2015/4/24,,,,,,
2015/4/27,,,,,,
2015/4/28,,,,,,
2015/4/29,,,,,,
2015/4/30,,,,,,
2015/5/4,,,,,,
2015/5/5,,,,,,
2015/5/6,,,,,,
2015/5/7,,,,,,
2015/5/8,,,,,,
2015/5/11,,,,,,
2015/5/12,,,,,,
2015/5/13,,,,,,
2015/5/14,,,,,,
2015/5/15,,,,,,
2015/5/18,,,,,,
2015/5/19,,,,,,
2015/5/20,,,,,,
2015/5/21,,,,,,
2015/5/22,,,,,,
2015/5/25,,,,,,
2015/5/26,,,,,,
2015/5/27,,,,,,
2015/5/28,,,,,,
2015/5/29,,,,,,
2015/6/1,,,,,,
2015/6/2,,,,,,
2015/6/3,,,,,,
2015/6/4,,,,,,
2015/6/5,,,,,,
2015/6/8,,,,,,
2015/6/9,,,,,,
2015/6/10,,,,,,
2015/6/11,,,,,,
2015/6/12,,,,,,
2015/6/15,,,,,,
2015/6/16,,,,,,
2015/6/17,,,,,,
2015/6/18,,,,,,
2015/6/19,,,,,,
2015/6/23,,,,,,
2015/6/24,,,,,,
2015/6/25,,,,,,
2015/6/26,,,,,,
2015/6/29,,,,,,
2015/6/30,,,,,,
2015/7/1,,,,,,
2015/7/2,,,,,,
2015/7/3,,,,,,
2015/7/6,,,,,,
2015/7/7,,,,,,
2015/7/8,,,,,,
2015/7/9,,,,,,
2015/7/10,,,,,,
2015/7/13,,,,,,
2015/7/14,,,,,,
2015/7/15,,,,,,
2015/7/16,,,,,,
2015/7/17,,,,,,
2015/7/20,,,,,,
2015/7/21,,,,,,
2015/7/22,,,,,,
2015/7/23,,,,,,
2015/7/24,,,,,,
2015/7/27,,,,,,
2015/7/28,,,,,,
2015/7/29,,,,,,
2015/7/30,,,,,,
2015/7/31,,,,,,
2015/8/3,,,,,,
2015/8/4,,,,,,
2015/8/5,,,,,,
2015/8/6,,,,,,
2015/8/7,,,,,,
2015/8/10,,,,,,
2015/8/11,,,,,,
2015/8/12,,,,,,
2015/8/13,,,,,,
2015/8/14,,,,,,
2015/8/17,,,,,,
2015/8/18,,,,,,
2015/8/19,,,,,,
2015/8/20,,,,,,
2015/8/21,,,,,,
2015/8/24,,,,,,
2015/8/25,,,,,,
2015/8/26,,,,,,
2015/8/27,,,,,,
2015/8/28,,,,,,
2015/8/31,,,,,,
2015/9/1,,,,,,
2015/9/2,,,,,,
2015/9/7,,,,,,
2015/9/8,,,,,,
2015/9/9,,,,,,
2015/9/10,,,,,,
2015/9/11,,,,,,
2015/9/14,,,,,,
2015/9/15,,,,,,
2015/9/16,,,,,,
2015/9/17,,,,,,
2015/9/18,,,,,,
2015/9/21,,,,,,
2015/9/22,,,,,,
2015/9/23,,,,,,
2015/9/24,,,,,,
2015/9/25,,,,,,
2015/9/28,,,,,,
2015/9/29,,,,,,
2015/9/30,,,,,,
2015/10/8,,,,,,
2015/10/9,,,,,,
2015/10/12,,,,,,
2015/10/13,,,,,,
2015/10/14,,,,,,
2015/10/15,,,,,,
2015/10/16,,,,,,
2015/10/19,,,,,,
2015/10/20,,,,,,
2015/10/21,,,,,,
2015/10/22,,,,,,
2015/10/23,,,,,,
2015/10/26,,,,,,
2015/10/27,,,,,,
2015/10/28,,,,,,
2015/10/29,,,,,,
2015/10/30,,,,,,
2015/11/2,,,,,,
2015/11/3,,,,,,
2015/11/4,,,,,,
2015/11/5,,,,,,
2015/11/6,,,,,,
2015/11/9,,,,,,
2015/11/10,,,,,,
2015/11/11,,,,,,
2015/11/12,,,,,,
2015/11/13,,,,,,
2015/11/16,,,,,,
2015/11/17,,,,,,
2015/11/18,,,,,,
2015/11/19,,,,,,
2015/11/20,,,,,,
2015/11/23,,,,,,
2015/11/24,,,,,,
2015/11/25,,,,,,
2015/11/26,,,,,,
2015/11/27,,,,,,
2015/11/30,,,,,,
2015/12/1,,,,,,
2015/12/2,,,,,,
2015/12/3,,,,,,
2015/12/4,,,,,,
2015/12/7,,,,,,
2015/12/8,,,,,,
2015/12/9,,,,,,
2015/12/10,,,,,,
2015/12/11,,,,,,
2015/12/14,,,,,,
2015/12/15,,,,,,
2015/12/16,,,,,,
2015/12/17,,,,,,
2015/12/18,,,,,,
2015/12/21,,,,,,
2015/12/22,,,,,,
2015/12/23,,,,,,
2015/12/24,,,,,,
2015/12/25,,,,,,
2015/12/28,,,,,,
2015/12/29,,,,,,
2015/12/30,,,,,,
2015/12/31,,,,,,
2016/1/4,,,,,,
2016/1/5,,,,,,
2016/1/6,,,,,,
2016/1/7,,,,,,
2016/1/8,,,,,,
2016/1/11,,,,,,
2016/1/12,,,,,,
2016/1/13,,,,,,
2016/1/14,,,,,,
2016/1/15,,,,,,
2016/1/18,,,,,,
2016/1/19,,,,,,
2016/1/20,,,,,,
2016/1/21,,,,,,
2016/1/22,,,,,,
2016/1/25,,,,,,
2016/1/26,,,,,,
2016/1/27,,,,,,
2016/1/28,,,,,,
2016/1/29,,,,,,
2016/2/1,,,,,,
2016/2/2,,,,,,
2016/2/3,,,,,,
2016/2/4,,,,,,
2016/2/5,,,,,,
2016/2/15,,,,,,
2016/2/16,,,,,,
2016/2/17,,,,,,
2016/2/18,,,,,,
2016/2/19,,,,,,
2016/2/22,,,,,,
2016/2/23,,,,,,
2016/2/24,,,,,,
2016/2/25,,,,,,
2016/2/26,,,,,,
2016/2/29,,,,,,
2016/3/1,,,,,,
2016/3/2,,,,,,
2016/3/3,,,,,,
2016/3/4,,,,,,
2016/3/7,,,,,,
2016/3/8,,,,,,
2016/3/9,,,,,,
2016/3/10,,,,,,
2016/3/11,,,,,,
2016/3/14,,,,,,
2016/3/15,,,,,,
2016/3/16,,,,,,
2016/3/17,,,,,,
2016/3/18,,,,,,
2016/3/21,,,,,,
2016/3/22,,,,,,
2016/3/23,,,,,,
2016/3/24,,,,,,
2016/3/25,,,,,,
2016/3/28,,,,,,
2016/3/29,,,,,,
2016/3/30,,,,,,
2016/3/31,,,,,,
2016/4/1,,,,,,
2016/4/5,,,,,,
2016/4/6,,,,,,
2016/4/7,,,,,,
2016/4/8,,,,,,
2016/4/11,,,,,,
2016/4/12,,,,,,
2016/4/13,,,,,,
2016/4/14,,,,,,
2016/4/15,,,,,,
2016/4/18,,,,,,
2016/4/19,,,,,,
2016/4/20,,,,,,
2016/4/21,,,,,,
2016/4/22,,,,,,
2016/4/25,,,,,,
2016/4/26,,,,,,
2016/4/27,,,,,,
2016/4/28,,,,,,
2016/4/29,,,,,,
2016/5/3,,,,,,
2016/5/4,,,,,,
2016/5/5,,,,,,
2016/5/6,,,,,,
2016/5/9,,,,,,
2016/5/10,,,,,,
2016/5/11,,,,,,
2016/5/12,,,,,,
2016/5/13,,,,,,
2016/5/16,,,,,,
2016/5/17,,,,,,
2016/5/18,,,,,,
2016/5/19,,,,,,
2016/5/20,,,,,,
2016/5/23,,,,,,
2016/5/24,,,,,,
2016/5/25,,,,,,
2016/5/26,,,,,,
2016/5/27,,,,,,
2016/5/30,,,,,,
2016/5/31,,,,,,
2016/6/1,,,,,,
2016/6/2,,,,,,
2016/6/3,,,,,,
2016/6/6,,,,,,
2016/6/7,,,,,,
2016/6/8,,,,,,
2016/6/13,,,,,,
2016/6/14,,,,,,
2016/6/15,,,,,,
2016/6/16,,,,,,
2016/6/17,,,,,,
2016/6/20,,,,,,
2016/6/21,,,,,,
2016/6/22,,,,,,
2016/6/23,,,,,,
2016/6/24,,,,,,
2016/6/27,,,,,,
2016/6/28,,,,,,
2016/6/29,,,,,,
2016/6/30,,,,,,
2016/7/1,,,,,,
2016/7/4,,,,,,
2016/7/5,,,,,,
2016/7/6,,,,,,
2016/7/7,,,,,,
2016/7/8,,,,,,
2016/7/11,,,,,,
2016/7/12,,,,,,
2016/7/13,,,,,,
2016/7/14,,,,,,
2016/7/15,,,,,,
2016/7/18,,,,,,
2016/7/19,,,,,,
2016/7/20,,,,,,
2016/7/21,,,,,,
2016/7/22,,,,,,
2016/7/25,,,,,,
2016/7/26,,,,,,
2016/7/27,,,,,,
2016/7/28,,,,,,
2016/7/29,,,,,,
2016/8/1,,,,,,
2016/8/2,,,,,,
2016/8/3,,,,,,
2016/8/4,,,,,,
2016/8/5,,,,,,
2016/8/8,,,,,,
2016/8/9,,,,,,
2016/8/10,,,,,,
2016/8/11,,,,,,
2016/8/12,,,,,,
2016/8/15,,,,,,
2016/8/16,,,,,,
2016/8/17,,,,,,
2016/8/18,,,,,,
2016/8/19,,,,,,
2016/8/22,,,,,,
2016/8/23,,,,,,
2016/8/24,,,,,,
2016/8/25,,,,,,
2016/8/26,,,,,,
2016/8/29,,,,,,
2016/8/30,,,,,,
2016/8/31,,,,,,
2016/9/1,,,,,,
2016/9/2,,,,,,
2016/9/5,,,,,,
2016/9/6,,,,,,
2016/9/7,,,,,,
2016/9/8,,,,,,
2016/9/9,,,,,,
2016/9/12,,,,,,
2016/9/13,,,,,,
2016/9/14,,,,,,
2016/9/19,,,,,,
2016/9/20,,,,,,
2016/9/21,,,,,,
2016/9/22,,,,,,
2016/9/23,,,,,,
2016/9/26,,,,,,
2016/9/27,,,,,,
2016/9/28,,,,,,
2016/9/29,,,,,,
2016/9/30,,,,,,
2016/10/10,,,,,,
2016/10/11,,,,,,
2016/10/12,,,,,,
2016/10/13,,,,,,
2016/10/14,,,,,,
2016/10/17,,,,,,
2016/10/18,,,,,,
2016/10/19,,,,,,
2016/10/20,,,,,,
2016/10/21,,,,,,
2016/10/24,,,,,,
2016/10/25,,,,,,
2016/10/26,,,,,,
2016/10/27,,,,,,
2016/10/28,,,,,,
2016/10/31,,,,,,
2016/11/1,,,,,,
2016/11/2,,,,,,
2016/11/3,,,,,,
2016/11/4,,,,,,
2016/11/7,,,,,,
2016/11/8,,,,,,
2016/11/9,,,,,,
2016/11/10,,,,,,
2016/11/11,,,,,,
2016/11/14,,,,,,
2016/11/15,,,,,,
2016/11/16,,,,,,
2016/11/17,,,,,,
2016/11/18,,,,,,
2016/11/21,,,,,,
2016/11/22,,,,,,
2016/11/23,,,,,,
2016/11/24,,,,,,
2016/11/25,,,,,,
2016/11/28,,,,,,
2016/11/29,,,,,,
2016/11/30,,,,,,
2016/12/1,,,,,,
2016/12/2,,,,,,
2016/12/5,,,,,,
2016/12/6,,,,,,
2016/12/7,,,,,,
2016/12/8,,,,,,
2016/12/9,,,,,,
2016/12/12,,,,,,
2016/12/13,,,,,,
2016/12/14,,,,,,
2016/12/15,,,,,,
2016/12/16,,,,,,
2016/12/19,,,,,,
2016/12/20,,,,,,
2016/12/21,,,,,,
2016/12/22,,,,,,
2016/12/23,,,,,,
2016/12/26,,,,,,
2016/12/27,,,,,,
2016/12/28,,,,,,
2016/12/29,,,,,,
2016/12/30,,,,,,
2017/1/3,,,,,,
2017/1/4,,,,,,
2017/1/5,,,,,,
2017/1/6,,,,,,
2017/1/9,,,,,,
2017/1/10,,,,,,
2017/1/11,,,,,,
2017/1/12,,,,,,
2017/1/13,,,,,,
2017/1/16,,,,,,
2017/1/17,,,,,,
2017/1/18,,,,,,
2017/1/19,,,,,,
2017/1/20,,,,,,
2017/1/23,,,,,,
2017/1/24,,,,,,
2017/1/25,,,,,,
2017/1/26,,,,,,
2017/2/3,,,,,,
2017/2/6,,,,,,
2017/2/7,,,,,,
2017/2/8,,,,,,
2017/2/9,,,,,,
2017/2/10,,,,,,
2017/2/13,,,,,,
2017/2/14,,,,,,
2017/2/15,,,,,,
2017/2/16,,,,,,
2017/2/17,,,,,,
2017/2/20,,,,,,
2017/2/21,,,,,,
2017/2/22,,,,,,
2017/2/23,,,,,,
2017/2/24,,,,,,
2017/2/27,,,,,,
2017/2/28,,,,,,
2017/3/1,,,,,,
2017/3/2,,,,,,
2017/3/3,,,,,,
2017/3/6,,,,,,
2017/3/7,,,,,,
2017/3/8,,,,,,
2017/3/9,,,,,,
2017/3/10,,,,,,
2017/3/13,,,,,,
2017/3/14,,,,,,
2017/3/15,,,,,,
2017/3/16,,,,,,
2017/3/17,,,,,,
2017/3/20,,,,,,
2017/3/21,,,,,,
2017/3/22,,,,,,
2017/3/23,,,,,,
2017/3/24,,,,,,
2017/3/27,,,,,,
2017/3/28,,,,,,
2017/3/29,,,,,,
2017/3/30,,,,,,
2017/3/31,,,,,,
2017/4/5,,,,,,
2017/4/6,,,,,,
2017/4/7,,,,,,
2017/4/10,,,,,,
2017/4/11,,,,,,
2017/4/12,,,,,,
2017/4/13,,,,,,
2017/4/14,,,,,,
2017/4/17,,,,,,
2017/4/18,,,,,,
2017/4/19,,,,,,
2017/4/20,,,,,,
2017/4/21,,,,,,
2017/4/24,,,,,,
2017/4/25,,,,,,
2017/4/26,,,,,,
2017/4/27,,,,,,
2017/4/28,,,,,,
2017/5/2,,,,,,
2017/5/3,,,,,,
2017/5/4,,,,,,
2017/5/5,,,,,,
2017/5/8,,,,,,
2017/5/9,,,,,,
2017/5/10,,,,,,
2017/5/11,,,,,,
2017/5/12,,,,,,
2017/5/15,,,,,,
2017/5/16,,,,,,
2017/5/17,,,,,,
2017/5/18,,,,,,
2017/5/19,,,,,,
2017/5/22,,,,,,
2017/5/23,,,,,,
2017/5/24,,,,,,
2017/5/25,,,,,,
2017/5/26,,,,,,
2017/5/31,,,,,,
2017/6/1,,,,,,
2017/6/2,,,,,,
2017/6/5,,,,,,
2017/6/6,,,,,,
2017/6/7,,,,,,
2017/6/8,,,,,,
2017/6/9,,,,,,
2017/6/12,,,,,,
2017/6/13,,,,,,
2017/6/14,,,,,,
2017/6/15,,,,,,
2017/6/16,,,,,,
2017/6/19,,,,,,
2017/6/20,,,,,,
2017/6/21,,,,,,
2017/6/22,,,,,,
2017/6/23,,,,,,
2017/6/26,,,,,,
2017/6/27,,,,,,
2017/6/28,,,,,,
2017/6/29,,,,,,
2017/6/30,,,,,,
2017/7/3,,,,,,
2017/7/4,,,,,,
2017/7/5,,,,,,
2017/7/6,,,,,,
2017/7/7,,,,,,
2017/7/10,,,,,,
2017/7/11,,,,,,
2017/7/12,,,,,,
2017/7/13,,,,,,
2017/7/14,,,,,,
2017/7/17,,,,,,
2017/7/18,,,,,,
2017/7/19,,,,,,
2017/7/20,,,,,,
2017/7/21,,,,,,
2017/7/24,,,,,,
2017/7/25,,,,,,
2017/7/26,,,,,,
2017/7/27,,,,,,
2017/7/28,,,,,,
2017/7/31,,,,,,
2017/8/1,,,,,,
2017/8/2,,,,,,
2017/8/3,,,,,,
2017/8/4,,,,,,
2017/8/7,,,,,,
2017/8/8,,,,,,
2017/8/9,,,,,,
2017/8/10,,,,,,
2017/8/11,,,,,,
2017/8/14,,,,,,
2017/8/15,,,,,,
2017/8/16,,,,,,
2017/8/17,,,,,,
2017/8/18,,,,,,
2017/8/21,,,,,,
2017/8/22,,,,,,
2017/8/23,,,,,,
2017/8/24,,,,,,
2017/8/25,,,,,,
2017/8/28,,,,,,
2017/8/29,,,,,,
2017/8/30,,,,,,
2017/8/31,,,,,,
2017/9/1,,,,,,
2017/9/4,,,,,,
2017/9/5,,,,,,
2017/9/6,,,,,,
2017/9/7,,,,,,
2017/9/8,,,,,,
2017/9/11,,,,,,
2017/9/12,,,,,,
2017/9/13,,,,,,
2017/9/14,,,,,,
2017/9/15,,,,,,
2017/9/18,,,,,,
2017/9/19,,,,,,
2017/9/20,,,,,,
2017/9/21,,,,,,
2017/9/22,,,,,,
2017/9/25,,,,,,
2017/9/26,,,,,,
2017/9/27,,,,,,
2017/9/28,,,,,,
2017/9/29,,,,,,
2017/10/9,,,,,,
2017/10/10,,,,,,
2017/10/11,,,,,,
2017/10/12,,,,,,
2017/10/13,,,,,,
2017/10/16,,,,,,
2017/10/17,,,,,,
2017/10/18,,,,,,
2017/10/19,,,,,,
2017/10/20,,,,,,
2017/10/23,,,,,,
2017/10/24,,,,,,
2017/10/25,,,,,,
2017/10/26,,,,,,
2017/10/27,,,,,,
2017/10/30,,,,,,
2017/10/31,,,,,,
2017/11/1,,,,,,
2017/11/2,,,,,,
2017/11/3,,,,,,
2017/11/6,,,,,,
2017/11/7,,,,,,
2017/11/8,,,,,,
2017/11/9,,,,,,
2017/11/10,,,,,,
2017/11/13,,,,,,
2017/11/14,,,,,,
2017/11/15,,,,,,
2017/11/16,,,,,,
2017/11/17,,,,,,
2017/11/20,,,,,,
2017/11/21,,,,,,
2017/11/22,,,,,,
2017/11/23,,,,,,
2017/11/24,,,,,,
2017/11/27,,,,,,
2017/11/28,,,,,,
2017/11/29,,,,,,
2017/11/30,,,,,,
2017/12/1,,,,,,
2017/12/4,,,,,,
2017/12/5,,,,,,
2017/12/6,,,,,,
2017/12/7,,,,,,
2017/12/8,,,,,,
2017/12/11,,,,,,
2017/12/12,,,,,,
2017/12/13,,,,,,
2017/12/14,,,,,,
2017/12/15,,,,,,
2017/12/18,,,,,,
2017/12/19,,,,,,
2017/12/20,,,,,,
2017/12/21,,,,,,
2017/12/22,,,,,,
2017/12/25,,,,,,
2017/12/26,,,,,,
2017/12/27,,,,,,
2017/12/28,,,,,,
2017/12/29,,,,,,
2018/1/2,,,,,,
2018/1/3,,,,,,
2018/1/4,,,,,,
2018/1/5,,,,,,
2018/1/8,,,,,,
2018/1/9,,,,,,
2018/1/10,,,,,,
2018/1/11,,,,,,
2018/1/12,,,,,,
2018/1/15,,,,,,
2018/1/16,,,,,,
2018/1/17,,,,,,
2018/1/18,,,,,,
2018/1/19,,,,,,
2018/1/22,,,,,,
2018/1/23,,,,,,
2018/1/24,,,,,,
2018/1/25,,,,,,
2018/1/26,,,,,,
2018/1/29,,,,,,
2018/1/30,,,,,,
2018/1/31,,,,,,
2018/2/1,,,,,,
2018/2/2,,,,,,
2018/2/5,,,,,,
2018/2/6,,,,,,
2018/2/7,,,,,,
2018/2/8,,,,,,
2018/2/9,,,,,,
2018/2/12,,,,,,
2018/2/13,,,,,,
2018/2/14,,,,,,
2018/2/22,,,,,,
2018/2/23,,,,,,
2018/2/26,,,,,,
2018/2/27,,,,,,
2018/2/28,,,,,,
2018/3/1,,,,,,
2018/3/2,,,,,,
2018/3/5,,,,,,
2018/3/6,,,,,,
2018/3/7,,,,,,
2018/3/8,,,,,,
2018/3/9,,,,,,
2018/3/12,,,,,,
2018/3/13,,,,,,
2018/3/14,,,,,,
2018/3/15,,,,,,
2018/3/16,,,,,,
2018/3/19,,,,,,
2018/3/20,,,,,,
2018/3/21,,,,,,
2018/3/22,,,,,,
2018/3/23,,,,,,
2018/3/26,,,,,,
2018/3/27,,,,,,
2018/3/28,,,,,,
2018/3/29,,,,,,
2018/3/30,,,,,,
2018/4/2,,,,,,
2018/4/3,,,,,,
2018/4/4,,,,,,
2018/4/9,,,,,,
2018/4/10,,,,,,
2018/4/11,,,,,,
2018/4/12,,,,,,
2018/4/13,,,,,,
2018/4/16,,,,,,
2018/4/17,,,,,,
2018/4/18,,,,,,
2018/4/19,,,,,,
2018/4/20,,,,,,
2018/4/23,,,,,,
2018/4/24,,,,,,
2018/4/25,,,,,,
2018/4/26,,,,,,
2018/4/27,,,,,,
2018/5/2,,,,,,
2018/5/3,,,,,,
2018/5/4,,,,,,
2018/5/7,,,,,,
2018/5/8,,,,,,
2018/5/9,,,,,,
2018/5/10,,,,,,
2018/5/11,,,,,,
2018/5/14,,,,,,
2018/5/15,,,,,,
2018/5/16,,,,,,
2018/5/17,,,,,,
2018/5/18,,,,,,
2018/5/21,,,,,,
2018/5/22,,,,,,
2018/5/23,,,,,,
2018/5/24,,,,,,
2018/5/25,,,,,,
2018/5/28,,,,,,
2018/5/29,,,,,,
2018/5/30,,,,,,
2018/5/31,,,,,,
2018/6/1,,,,,,
2018/6/4,,,,,,
2018/6/5,,,,,,
2018/6/6,,,,,,
2018/6/7,,,,,,
2018/6/8,,,,,,
2018/6/11,,,,,,
2018/6/12,,,,,,
2018/6/13,,,,,,
2018/6/14,,,,,,
2018/6/15,,,,,,
2018/6/19,,,,,,
2018/6/20,,,,,,
2018/6/21,,,,,,
2018/6/22,,,,,,
2018/6/25,,,,,,
2018/6/26,,,,,,
2018/6/27,,,,,,
2018/6/28,,,,,,
2018/6/29,,,,,,
2018/7/2,,,,,,
2018/7/3,,,,,,
2018/7/4,,,,,,
2018/7/5,,,,,,
2018/7/6,,,,,,
2018/7/9,,,,,,
2018/7/10,,,,,,
2018/7/11,,,,,,
2018/7/12,,,,,,
2018/7/13,,,,,,
2018/7/16,,,,,,
2018/7/17,,,,,,
2018/7/18,,,,,,
2018/7/19,,,,,,
2018/7/20,,,,,,
2018/7/23,,,,,,
2018/7/24,,,,,,
2018/7/25,,,,,,
2018/7/26,,,,,,
2018/7/27,,,,,,
2018/7/30,,,,,,
2018/7/31,,,,,,
2018/8/1,,,,,,
2018/8/2,,,,,,
2018/8/3,,,,,,
2018/8/6,,,,,,
2018/8/7,,,,,,
2018/8/8,,,,,,
2018/8/9,,,,,,
2018/8/10,,,,,,
2018/8/13,,,,,,
2018/8/14,,,,,,
2018/8/15,,,,,,
2018/8/16,,,,,,
2018/8/17,99.4,99.405,99.075,99.16,8559,-0.201288245
2018/8/20,99.1,99.26,99.1,99.215,1865,0.075650595
2018/8/21,99.185,99.235,99.12,99.185,1339,-0.025199073
2018/8/22,99.235,99.29,99.19,99.2,1225,0.005040577
2018/8/23,99.28,99.28,99.225,99.275,819,0.080649226
2018/8/24,99.305,99.38,99.29,99.31,464,0.065494483
2018/8/27,99.27,99.3,99.205,99.27,671,-0.055373773
2018/8/28,99.215,99.315,99.185,99.275,574,0
2018/8/29,99.27,99.32,99.225,99.31,210,0.020143015
2018/8/30,99.335,99.435,99.3,99.365,533,0.055382137
2018/8/31,99.36,99.4,99.315,99.375,239,0.030197796
2018/9/3,99.35,99.365,99.31,99.33,108,-0.055340343
2018/9/4,99.315,99.315,99.265,99.28,90,-0.035241404
2018/9/5,99.29,99.315,99.275,99.275,109,0
2018/9/6,99.29,99.305,99.265,99.27,204,-0.010072522
2018/9/7,99.26,99.28,99.245,99.255,360,-0.025181305
2018/9/10,99.25,99.275,99.22,99.25,393,-0.015111066
2018/9/11,99.26,99.265,99.205,99.24,383,0
2018/9/12,99.25,99.255,99.22,99.24,365,0.015117158
2018/9/13,99.225,99.31,99.22,99.27,267,0.030229746
2018/9/14,99.295,99.305,99.275,99.3,129,0.020145044
2018/9/17,99.405,99.405,99.325,99.345,163,0.045317221
2018/9/18,99.385,99.385,99.335,99.34,126,0
2018/9/19,99.35,99.375,99.31,99.31,262,-0.035230761
2018/9/20,99.27,99.3,99.25,99.275,163,-0.04027589
2018/9/21,99.27,99.32,99.27,99.32,140,0.040290089
2018/9/25,99.305,99.33,99.28,99.295,136,-0.005035247
2018/9/26,99.28,99.345,99.275,99.34,168,0.050357539
2018/9/27,99.38,99.4,99.345,99.395,205,0.060401671
2018/9/28,99.45,99.45,99.36,99.39,191,0.00503094
2018/10/8,99.38,99.405,99.32,99.385,162,-0.010060868
2018/10/9,99.385,99.505,99.385,99.45,271,0.055334775
2018/10/10,99.48,99.48,99.43,99.45,195,-0.005027399
2018/10/11,99.54,99.55,99.485,99.515,208,0.075422365
2018/10/12,99.505,99.53,99.495,99.525,119,0.015073862
2018/10/15,99.52,99.525,99.505,99.51,63,-0.005024368
2018/10/16,99.495,99.535,99.475,99.535,280,0.025123103
2018/10/17,99.52,99.545,99.51,99.52,90,0
2018/10/18,99.535,99.56,99.525,99.535,97,0.020097473
2018/10/19,99.525,99.56,99.47,99.49,277,-0.055251394
2018/10/22,99.45,99.46,99.43,99.44,172,-0.050256307
2018/10/23,99.41,99.49,99.41,99.485,153,0.045253419
2018/10/24,99.47,99.51,99.47,99.505,73,0.02513068
2018/10/25,99.55,99.6,99.52,99.53,114,0.030150754
2018/10/26,99.515,99.54,99.505,99.53,57,0.010048232
2018/10/29,99.55,99.625,99.53,99.615,179,0.085401387
2018/10/30,99.65,99.65,99.565,99.61,249,0.005019828
2018/10/31,99.595,99.635,99.575,99.635,204,0.03011897
2018/11/1,99.63,99.655,99.6,99.64,315,0.02007629
2018/11/2,99.595,99.645,99.555,99.61,428,-0.03010839
2018/11/5,99.57,99.665,99.57,99.655,566,0.050198283
2018/11/6,99.65,99.78,99.64,99.78,729,0.135480957
2018/11/7,99.755,99.9,99.715,99.885,656,0.130319282
2018/11/8,99.83,99.96,99.83,99.945,445,0.065078094
2018/11/9,99.935,99.97,99.89,99.9,282,-0.045024764
2018/11/12,99.92,99.92,99.88,99.9,231,-0.015012761
2018/11/13,99.95,99.95,99.88,99.885,53,-0.015015015
2018/11/14,99.945,100.095,99.93,100.05,254,0.15015015
2018/11/15,100.05,100.1,100.05,100.055,85,0
2018/11/16,100.06,100.1,100.005,100.075,100,0.014991005
2018/11/19,100.08,100.08,100.015,100.065,158,-0.009992506
2018/11/20,100.045,100.09,100.03,100.035,69,0
2018/11/21,100.105,100.14,100.035,100.04,58,0.004998251
2018/11/22,100.04,100.065,99.995,100.04,64,0.004998251
2018/11/23,100.07,100.07,99.965,100.03,31,0.00499875
2018/11/26,100.135,100.135,99.98,100.045,85,0.014995501
2018/11/27,99.9,100.11,99.9,99.99,74,-0.054975261
2018/11/28,100.075,100.095,100.03,100.095,23,0.069982504
2018/11/29,100,100.1,100,100.09,879,0.014988758
2018/11/30,100.025,100.05,99.95,99.965,326,-0.119898087
2018/12/3,99.72,100,99.72,99.96,260,0.010005003
2018/12/4,99.96,100.065,99.96,100.06,174,0.110055028
2018/12/5,100.145,100.15,100.055,100.065,375,0.024990004
2018/12/6,100.06,100.11,100.05,100.095,98,0.019985011
2018/12/7,100.09,100.12,100.06,100.12,64,0.01998002
2018/12/10,100.125,100.165,100.11,100.135,111,0.034965035
2018/12/11,100.11,100.14,100.1,100.105,147,-0.029959555
2018/12/12,100.125,100.15,100.085,100.115,70,0.004994506
2018/12/13,100.125,100.13,100.03,100.04,134,-0.079904115
2018/12/14,100.03,100.065,100,100.025,92,-0.019991004
2018/12/17,100.01,100.03,99.985,100.01,255,-0.009998
2018/12/18,99.975,100.02,99.975,100.015,56,0.015
2018/12/19,100.035,100.05,99.99,100.02,71,0.009999
2018/12/20,100.055,100.12,100.055,100.11,85,0.079976007
2018/12/21,100.075,100.125,100.06,100.07,82,-0.02997003
2018/12/24,100.125,100.125,100.08,100.105,97,0.009990509
2018/12/25,100.1,100.15,100.085,100.11,103,0.004994756
2018/12/26,100.085,100.165,100.07,100.165,94,0.044946065
2018/12/27,100.16,100.17,100.09,100.17,115,0.014976786
2018/12/28,100.155,100.41,100.15,100.25,109,0.08985623
2019/1/2,100.25,100.335,100.25,100.33,144,0.069818472
2019/1/3,100.34,100.34,100.29,100.34,123,0.024921497
2019/1/4,100.39,100.4,100.325,100.34,134,0.014951408
2019/1/7,100.34,100.35,100.3,100.335,98,-0.014947683
2019/1/8,100.335,100.44,100.325,100.425,183,0.104665072
2019/1/9,100.43,100.435,100.36,100.4,115,-0.009959167
2019/1/10,100.41,100.445,100.38,100.415,206,0.024902879
2019/1/11,100.355,100.435,100.24,100.435,83,0.039842622
2019/1/14,100.415,100.46,100.35,100.45,188,0.029874527
2019/1/15,100.43,100.47,100.4,100.46,172,0.014933546
2019/1/16,100.455,100.605,100.435,100.605,190,0.144336054
2019/1/17,100.59,100.69,100.55,100.655,315,0.074567508
2019/1/18,100.66,100.68,100.59,100.605,146,-0.044709389
2019/1/21,100.55,100.565,100.515,100.545,84,-0.074537865
2019/1/22,100.53,100.635,100.51,100.6,104,0.05967774
2019/1/23,100.595,100.625,100.54,100.6,97,0.004970426
2019/1/24,100.555,100.59,100.435,100.445,279,-0.154075547
2019/1/25,100.405,100.445,100.38,100.4,78,-0.054750883
2019/1/28,100.385,100.405,100.34,100.405,17,0
2019/1/29,100.43,100.45,100.41,100.44,76,0.074727246
2019/1/30,100.485,100.485,100.27,100.38,277,-0.054761786
2019/1/31,100.255,100.41,100.255,100.39,31,0.03487619
2019/2/1,100.405,100.41,100.34,100.34,11,-0.039848575
2019/2/11,100.23,100.53,100.23,100.505,63,0.159449898
2019/2/12,100.5,100.52,100.455,100.505,8,0.059734183
2019/2/13,100.515,100.53,100.5,100.505,32,0
2019/2/14,100.27,100.51,100.27,100.475,41,-0.029849261
2019/2/15,100.46,100.53,100.46,100.5,33,0.024881811
2019/2/18,100.49,100.525,100.44,100.485,52,-0.024873147
2019/2/19,100.445,100.525,100.435,100.525,35,0.059722291
2019/2/20,100.54,100.555,100.54,100.55,41,0.024869435
2019/2/21,100.53,100.535,100.5,100.52,59,-0.029835903
2019/2/22,100.5,100.54,100.5,100.52,56,0.004974382
2019/2/25,100.465,100.49,100.46,100.485,41,-0.034818942
2019/2/26,100.46,100.615,100.46,100.605,68,0.119420809
2019/2/27,100.51,100.85,100.495,100.73,144,0.174034111
2019/2/28,100.35,100.375,100.305,100.325,27,-0.402064926
2019/3/1,100.28,100.325,100.265,100.31,12,-0.009968102
2019/3/4,100.22,100.325,100.22,100.325,19,0.014953644
2019/3/5,100.335,100.335,100.31,100.31,12,0.004984796
2019/3/6,100.31,100.31,100.21,100.27,34,-0.039876383
2019/3/7,100.27,100.3,100.27,100.295,65,0.024932682
2019/3/8,100.345,100.37,100.32,100.34,15,0.04486764
2019/3/11,100.355,100.355,100.3,100.3,23,-0.039864461
2019/3/12,100.3,100.3,100.275,100.285,9,-0.019939185
2019/3/13,100.29,100.29,100.26,100.27,32,-0.009972078
2019/3/14,100.265,100.265,100.23,100.24,12,-0.024933925
2019/3/15,100.22,100.22,100.18,100.2,38,-0.034917943
2019/3/18,100.18,100.18,100.15,100.155,43,-0.04491018
2019/3/19,100.16,100.175,100.15,100.155,8,0
2019/3/20,100.145,100.145,99.915,100.08,220,-0.07488393
2019/3/21,100.115,100.155,100.11,100.155,32,0.104947526
2019/3/22,100.16,100.19,100.16,100.19,3,0.05492585
2019/3/25,100.215,100.285,100.205,100.27,8,0.079848288
2019/3/26,100.325,100.325,100.245,100.28,27,0.044894498
2019/3/27,100.26,100.295,100.255,100.295,8,0.014958117
2019/3/28,100.3,100.32,100.3,100.305,56,0.029917726
2019/3/29,100.315,100.315,100.285,100.315,97,0.009969593
2019/4/1,100.28,100.33,100.24,100.265,66,-0.049842995
2019/4/2,100.25,100.29,100.25,100.29,52,0.024933925
2019/4/3,100.31,100.31,100.155,100.16,166,-0.104722485
2019/4/4,100.16,100.165,100.035,100.035,196,-0.139755428
2019/4/8,100.03,100.09,100.03,100.055,98,-0.009993504
2019/4/9,100.045,100.045,99.965,99.965,69,-0.109917562
2019/4/10,99.97,99.98,99.9,99.97,57,-0.01500225
2019/4/11,99.99,100.035,99.99,99.995,51,0.040018008
2019/4/12,99.985,99.99,99.98,99.98,6,-0.01500075
2019/4/15,99.855,99.885,99.79,99.885,36,-0.095019004
2019/4/16,99.89,99.9,99.85,99.85,31,-0.020026034
2019/4/17,99.845,99.88,99.75,99.88,75,0.030045068
2019/4/18,99.855,99.87,99.84,99.865,45,0.010014521
2019/4/19,99.875,99.9,99.875,99.89,24,0.035050824
2019/4/22,99.84,99.855,99.84,99.845,26,-0.045049555
2019/4/23,99.785,99.845,99.785,99.84,20,-0.005007762
2019/4/24,100.01,100.01,99.795,99.795,9,-0.040066109
2019/4/25,99.815,99.89,99.815,99.82,21,0.025051355
2019/4/26,99.825,99.85,99.815,99.815,7,-0.015025543
2019/4/29,99.795,99.845,99.795,99.795,55,-0.020037069
2019/4/30,99.8,99.975,99.8,99.975,97,0.175350701
2019/5/6,99.955,100.05,99.955,100.025,117,0.135148664
2019/5/7,99.98,100.045,99.98,100.03,81,0.00499875
2019/5/8,100.02,100.04,100,100.015,54,-0.019993002
2019/5/9,100.035,100.05,100.025,100.025,52,0.0149985
2019/5/10,100.06,100.07,100.03,100.03,22,0
2019/5/13,100.155,100.16,100.105,100.105,9,0.074977507
2019/5/14,100.1,100.1,100.065,100.065,9,-0.039958044
2019/5/15,100.02,100.035,100,100.025,16,-0.044968522
2019/5/16,100.02,100.065,100.02,100.04,185,0.009997001
2019/5/17,100.035,100.075,100.035,100.07,247,0.024988755
2019/5/20,100.075,100.1,100.06,100.065,243,0
2019/5/21,100.065,100.07,100.055,100.06,205,-0.004996752
2019/5/22,100.06,100.06,100.05,100.055,184,-0.004997002
2019/5/23,100.04,100.08,100.035,100.08,131,0.024986258
2019/5/24,99.875,99.9,99.87,99.89,292,-0.184861354
2019/5/27,99.9,99.9,99.745,99.75,1260,-0.14015417
2019/5/28,99.675,99.85,99.675,99.845,554,0.080188443
2019/5/29,99.885,99.935,99.885,99.93,475,0.085131955
2019/5/30,99.885,99.91,99.885,99.9,322,-0.025018764
2019/5/31,99.925,99.935,99.89,99.9,164,0
2019/6/3,99.88,99.945,99.88,99.945,364,0.050052555
2019/6/4,99.95,100.02,99.945,100.01,376,0.070042025
2019/6/5,99.99,100.07,99.985,100.07,348,0.059994001
2019/6/6,100.05,100.075,100.045,100.045,315,0
2019/6/10,100.04,100.065,100.02,100.06,248,0.009995002
2019/6/11,100.02,100.04,99.99,100.005,683,-0.05496702
2019/6/12,100,100.04,100,100.03,342,0.03
2019/6/13,100.01,100.055,100.01,100.035,553,0.0049985
2019/6/14,100.045,100.105,100.025,100.1,531,0.079984003
2019/6/17,100.13,100.145,100.08,100.105,306,0.014986512
2019/6/18,100.13,100.13,100.07,100.075,332,-0.034961542
2019/6/19,100.085,100.09,100.065,100.065,126,-0.009992506
2019/6/20,100.11,100.155,100.09,100.09,234,0.01998601
2019/6/21,100.2,100.2,100.115,100.12,239,0.01998002
2019/6/24,100.1,100.105,100.085,100.095,312,-0.024970036
2019/6/25,100.08,100.145,100.08,100.1,352,0.009991008
2019/6/26,100.09,100.095,100.075,100.075,317,-0.029968533
2019/6/27,100.09,100.105,100.065,100.07,554,-0.004996253
2019/6/28,100.08,100.145,100.08,100.125,629,0.054961527
2019/7/1,100.1,100.13,100.08,100.12,482,-0.009987017
2019/7/2,100.13,100.2,100.125,100.2,621,0.074906367
2019/7/3,100.225,100.24,100.195,100.215,393,0.02495259
2019/7/4,100.19,100.235,100.19,100.225,571,0.009978546
2019/7/5,100.215,100.22,100.19,100.195,405,-0.029932652
2019/7/8,100.175,100.195,100.15,100.155,616,-0.039922152
2019/7/9,100.17,100.175,100.16,100.17,1643,0.014976786
2019/7/10,100.175,100.175,100.165,100.17,2311,0.004991764
2019/7/11,100.18,100.21,100.18,100.2,4128,0.034942345
2019/7/12,100.195,100.215,100.19,100.21,2142,0.00998004
2019/7/15,100.215,100.235,100.175,100.175,2149,-0.029938626
2019/7/16,100.175,100.195,100.165,100.175,2932,0
2019/7/17,100.185,100.195,100.18,100.19,1826,0.019966058
2019/7/18,100.185,100.23,100.185,100.225,1432,0.039926137
2019/7/19,100.235,100.235,100.2,100.21,2268,-0.009978048
2019/7/22,100.2,100.245,100.2,100.24,1864,0.034928397
2019/7/23,100.255,100.295,100.23,100.24,2006,0.004988278
2019/7/24,100.225,100.225,100.195,100.2,2306,-0.034917943
2019/7/25,100.205,100.22,100.205,100.205,1605,0.00499002
2019/7/26,100.21,100.225,100.21,100.225,1716,0.014968566
2019/7/29,100.22,100.225,100.195,100.2,3845,-0.014967819
2019/7/30,100.205,100.205,100.19,100.195,5451,-0.00499002
2019/7/31,100.21,100.25,100.21,100.25,7192,0.054892959
2019/8/1,100.25,100.25,100.235,100.245,3508,0.009976555
2019/8/2,100.29,100.325,100.285,100.325,3779,0.084796488
2019/8/5,100.325,100.43,100.315,100.43,9656,0.11962915
2019/8/6,100.46,100.47,100.425,100.425,3944,0.019919327
2019/8/7,100.435,100.445,100.425,100.44,3808,0.01493652
2019/8/8,100.43,100.455,100.42,100.455,6619,0.019913377
2019/8/9,100.46,100.485,100.46,100.485,4772,0.039822789
2019/8/12,100.46,100.48,100.44,100.445,5425,-0.034832803
2019/8/13,100.5,100.5,100.46,100.46,3423,0.009955202
2019/8/14,100.44,100.475,100.43,100.44,5013,-0.019908421
2019/8/15,100.46,100.485,100.395,100.41,7403,-0.024891721
2019/8/16,100.4,100.41,100.35,100.355,3997,-0.059752029
2019/8/19,100.24,100.26,100.23,100.255,5356,-0.104623356
2019/8/20,100.25,100.275,100.25,100.265,5540,0.009974565
2019/8/21,100.25,100.255,100.22,100.225,7513,-0.03989428
2019/8/22,100.22,100.265,100.22,100.26,8340,0.024941388
2019/8/23,100.25,100.285,100.245,100.275,9543,0.01994913
2019/8/26,100.31,100.38,100.3,100.315,6407,0.039890302
2019/8/27,100.31,100.33,100.305,100.32,12145,-0.014949918
2019/8/28,100.33,100.345,100.31,100.31,10029,-0.004984299
2019/8/29,100.305,100.415,100.28,100.345,17013,0.029905797
2019/8/30,100.325,100.335,100.275,100.285,21798,-0.074730969
2019/9/2,100.295,100.305,100.26,100.275,19411,-0.019941174
2019/9/3,100.265,100.3,100.26,100.26,12278,-0.014958863
2019/9/4,100.28,100.305,100.27,100.295,9989,0.034909236
2019/9/5,100.36,100.39,100.345,100.36,8250,0.069797587
2019/9/6,100.36,100.39,100.345,100.38,9927,0.014945449
2019/9/9,100.36,100.37,100.35,100.365,10444,-0.00996264
2019/9/10,100.35,100.355,100.33,100.34,7866,-0.014946938
2019/9/11,100.33,100.34,100.32,100.33,8096,-0.014948428
2019/9/12,100.295,100.315,100.27,100.275,10478,-0.054819097
2019/9/16,100.215,100.305,100.215,100.295,12956,0.014958117
2019/9/17,100.35,100.355,100.255,100.255,12900,-0.034898793
2019/9/18,100.265,100.295,100.245,100.245,11532,-0.044869877
2019/9/19,100.26,100.29,100.26,100.28,12952,0.019948135
2019/9/20,100.29,100.3,100.27,100.285,9225,0.004986039
2019/9/23,100.275,100.31,100.275,100.29,10199,0
2019/9/24,100.3,100.33,100.28,100.28,12578,-0.01495588
2019/9/25,100.295,100.305,100.28,100.3,10878,0.014957371
2019/9/26,100.295,100.3,100.255,100.255,15371,-0.034898793
2019/9/27,100.265,100.28,100.22,100.22,6960,-0.044881065
2019/9/30,100.225,100.26,100.215,100.255,7506,0.024942632
2019/10/8,100.28,100.315,100.265,100.315,14355,0.074820431
2019/10/9,100.32,100.345,100.295,100.305,16098,0
2019/10/10,100.305,100.305,100.275,100.28,11438,-0.019940179
2019/10/11,100.255,100.255,100.215,100.24,18087,-0.039888313
2019/10/14,100.205,100.25,100.18,100.245,22266,0.019955101
2019/10/15,100.24,100.28,100.23,100.26,33453,0.019952115
2019/10/16,100.27,100.285,100.25,100.25,20613,-0.009974067
2019/10/17,100.25,100.29,100.25,100.285,20737,0.024935169
2019/10/18,100.285,100.285,100.235,100.24,23856,-0.044872114
2019/10/21,100.24,100.24,100.18,100.19,18000,-0.049880287
2019/10/22,100.16,100.19,100.155,100.16,16289,-0.024953835
2019/10/23,100.17,100.19,100.155,100.185,18456,0.024960064
2019/10/24,100.18,100.195,100.175,100.195,12132,0.019965061
2019/10/25,100.19,100.205,100.175,100.18,20490,-0.009981036
2019/10/28,100.155,100.16,100.09,100.105,25013,-0.079852273
2019/10/29,100.1,100.12,100.07,100.075,29981,-0.029968533
2019/10/30,100.075,100.09,99.915,99.96,23297,-0.119904077
2019/10/31,100.005,100.095,99.975,100.095,17366,0.165115581
2019/11/1,100.115,100.16,100.09,100.15,15844,0.079944039
2019/11/4,100.12,100.155,100.105,100.15,17080,0
2019/11/5,100.12,100.27,100.12,100.26,19319,0.119832235
2019/11/6,100.255,100.265,100.205,100.22,15044,-0.034910977
2019/11/7,100.22,100.23,100.195,100.215,19384,-0.009977551
2019/11/8,100.175,100.255,100.175,100.25,27784,0.034924911
2019/11/11,100.24,100.31,100.235,100.31,18832,0.074824163
2019/11/12,100.185,100.185,100.105,100.105,24076,-0.19441675
2019/11/13,100.13,100.14,100.11,100.125,23835,0.009988513
2019/11/14,100.125,100.145,100.105,100.115,24568,-0.009987516
2019/11/15,100.115,100.16,100.115,100.135,28022,0.02497253
2019/11/18,100.135,100.25,100.135,100.24,23101,0.104858441
2019/11/19,100.255,100.31,100.255,100.285,34715,0.064857314
2019/11/20,100.3,100.315,100.27,100.305,30055,0.014956626
2019/11/21,100.31,100.345,100.3,100.325,24708,0.034898793
2019/11/22,100.35,100.395,100.25,100.315,27848,0.004984548
2019/11/25,100.3,100.305,100.26,100.26,26570,-0.054827294
2019/11/26,100.26,100.285,100.245,100.285,28627,0.01994714
2019/11/27,100.285,100.3,100.265,100.28,28832,0.009973073
2019/11/28,100.285,100.285,100.27,100.275,22849,0.004986536
2019/11/29,100.275,100.295,100.26,100.285,24559,0.009972575
2019/12/2,100.215,100.25,99.78,100.195,25937,-0.084762665
2019/12/3,100.205,100.23,100.2,100.225,27916,0.009978546
2019/12/4,100.28,100.285,100.24,100.26,35695,0.044903458
2019/12/5,100.245,100.28,100.24,100.275,13237,0.014961101
2019/12/6,100.27,100.275,100.22,100.235,16926,-0.034905754
2019/12/9,100.225,100.225,100.2,100.215,38899,-0.01995311
2019/12/10,100.225,100.26,100.22,100.25,16943,0.034924911
2019/12/11,100.24,100.265,100.23,100.255,22406,0.00997556
2019/12/12,100.25,100.27,100.245,100.265,18171,0.009974565
2019/12/13,100.21,100.25,100.21,100.23,26259,-0.034907495
2019/12/16,100.235,100.25,100.215,100.22,25377,-0.014964833
2019/12/17,100.21,100.21,100.17,100.175,19249,-0.044901217
2019/12/18,100.165,100.195,100.16,100.165,19467,-0.009982531
2019/12/19,100.17,100.19,100.17,100.185,33474,0.014974543
2019/12/20,100.19,100.295,100.19,100.295,20111,0.114793372
2019/12/23,100.285,100.345,100.275,100.345,28283,0.07978856
2019/12/24,100.36,100.385,100.33,100.34,21460,0.019936204
2019/12/25,100.345,100.38,100.335,100.38,25002,0.044849753
2019/12/26,100.38,100.45,100.38,100.43,23725,0.064763613
2019/12/27,100.42,100.43,100.4,100.4,20349,-0.029871552
2019/12/30,100.39,100.42,100.38,100.42,18764,0.009959167
2019/12/31,100.41,100.44,100.4,100.42,21395,0.009959167
2020/1/2,100.4,100.42,100.365,100.37,17141,-0.049790878
2020/1/3,100.265,100.395,100.265,100.325,20543,-0.044834114
2020/1/6,100.3,100.36,100.3,100.345,14755,0.009966612
2020/1/7,100.32,100.36,100.31,100.34,19610,-0.009965122
2020/1/8,100.36,100.385,100.33,100.37,13762,0.024914047
2020/1/9,100.355,100.45,100.33,100.415,15213,0.044834114
2020/1/10,100.405,100.525,100.405,100.52,13712,0.089614657
2020/1/13,100.515,100.535,100.49,100.5,9863,-0.004974877
2020/1/14,100.49,100.49,100.44,100.45,17294,-0.049751244
2020/1/15,100.47,100.49,100.425,100.47,16514,0.019910403
2020/1/16,100.46,100.5,100.44,100.46,19858,-0.004976858
2020/1/17,100.46,100.545,100.46,100.545,16173,0.069669072
2020/1/20,100.535,100.655,100.535,100.655,14579,0.129321064
2020/1/21,100.69,100.69,100.64,100.68,23642,0.044716053
2020/1/22,100.72,100.735,100.625,100.645,12161,-0.019867879
2020/1/23,100.695,100.73,100.64,100.73,11854,0.089427663
2020/2/3,101.01,101.13,100.89,100.94,6688,0.228378513
2020/2/4,100.93,100.98,100.92,100.95,10821,-0.024758604
2020/2/5,100.905,101.03,100.9,100.995,13512,0.029713267
2020/2/6,101,101.05,100.995,101.025,13416,0.004949515
2020/2/7,101.03,101.13,101.03,101.12,15928,0.09403613
2020/2/10,101.14,101.16,101.115,101.125,11973,0.019781415
2020/2/11,101.12,101.12,101.02,101.055,12218,-0.07416197
2020/2/12,101.05,101.095,101.025,101.065,12024,0.009895601
2020/2/13,101.075,101.155,101.07,101.12,10593,0.044521395
2020/2/14,101.14,101.14,101.01,101.03,14960,-0.098882626
2020/2/17,101.035,101.115,101.03,101.045,14318,-0.039570658
2020/2/18,101.06,101.155,101.055,101.145,11384,0.089060413
2020/2/19,100.855,100.895,100.825,100.835,5311,-0.276912426
2020/2/20,100.835,100.84,100.745,100.765,10444,-0.074375248
2020/2/21,100.78,100.845,100.77,100.81,7892,0.049622866
2020/2/24,100.865,100.935,100.84,100.925,9707,0.119041714
2020/2/25,100.945,100.985,100.92,100.925,9579,0.004954419
2020/2/26,100.935,100.98,100.87,100.89,9042,-0.039631428
2020/2/27,100.91,100.975,100.89,100.965,9503,0.074338388
2020/2/28,101.015,101.085,101.01,101.055,10826,0.094096672
2020/3/2,101.075,101.075,101,101.01,11040,-0.024743901
2020/3/3,100.99,101.025,100.93,100.995,9149,-0.01979904
2020/3/4,101.01,101.135,101.01,101.1,10660,0.108921675
2020/3/5,101.075,101.105,101.065,101.095,13129,0
2020/3/6,101.11,101.185,101.11,101.18,11202,0.093980314
2020/3/9,101.305,101.39,101.225,101.245,6894,0.074132648
2020/3/10,101.235,101.235,101.02,101.04,15182,-0.197550375
2020/3/11,101.01,101.14,101.005,101.135,12484,0.084116774
2020/3/12,101.14,101.195,101.1,101.105,11279,0
2020/3/13,101.12,101.16,101.02,101.08,9882,-0.064264175
2020/3/16,101.125,101.17,101.025,101.065,8673,-0.014839731
2020/3/17,101.06,101.06,100.99,101.005,10809,-0.054423115
2020/3/18,100.99,101.135,100.97,101.1,10969,0.084145919
2020/3/19,101.09,101.135,101.04,101.065,9059,-0.039562831
2020/3/20,101.07,101.225,101.065,101.18,14861,0.118741342
2020/3/23,101.195,101.33,101.195,101.31,8243,0.12848389
2020/3/24,101.3,101.455,101.28,101.38,10945,0.083913322
2020/3/25,101.37,101.535,101.32,101.5,12926,0.108491962
2020/3/26,101.515,101.59,101.515,101.55,9046,0.064048874
2020/3/27,101.585,101.585,101.435,101.515,9013,-0.03446578
2020/3/30,101.505,101.725,101.46,101.63,12377,0.152746982
2020/3/31,101.615,101.745,101.58,101.73,10483,0.113172268
2020/4/1,101.74,101.845,101.645,101.685,10066,-0.029494175
2020/4/2,101.69,101.705,101.59,101.62,7204,-0.063922899
2020/4/3,101.58,101.695,101.58,101.595,5633,-0.024601456
2020/4/7,101.81,102.11,101.8,102.11,6498,0.497022784
2020/4/8,102.225,102.42,102.14,102.42,12585,0.303594163
2020/4/9,102.45,102.465,102.19,102.315,8763,0.014662757
2020/4/10,102.3,102.3,102.045,102.18,10814,-0.078231958
2020/4/13,102.16,102.16,102.05,102.12,9905,-0.024475011
2020/4/14,102.13,102.295,102.13,102.195,10169,0.073443008
2020/4/15,102.28,102.36,102.245,102.32,5104,0.122315182
2020/4/16,102.36,102.4,102.285,102.3,5651,-0.034201397
2020/4/17,102.3,102.34,102.26,102.315,5771,0.009774693
2020/4/20,102.34,102.46,102.34,102.42,5815,0.117302053
2020/4/21,102.43,102.665,102.415,102.66,10739,0.268594032
2020/4/22,102.665,102.77,102.635,102.69,8489,0.102354145
2020/4/23,102.695,102.86,102.59,102.645,10451,-0.073014019
2020/4/24,102.66,102.7,102.51,102.65,8199,-0.009740892
2020/4/27,102.555,102.67,102.555,102.665,3799,0.058476682
2020/4/28,102.665,102.72,102.605,102.64,5303,0
2020/4/29,102.615,102.805,102.615,102.78,6298,0.102264427
2020/4/30,102.705,102.805,102.605,102.67,5971,-0.087582717
2020/5/6,102.655,102.725,102.535,102.56,3789,-0.107139379
2020/5/7,102.545,102.555,102.3,102.325,7864,-0.248586469
2020/5/8,102.385,102.485,102.26,102.43,7551,0.083052421
2020/5/11,102.43,102.52,102.265,102.315,6968,-0.083007813
2020/5/12,102.4,102.435,102.315,102.32,4786,-0.004886391
2020/5/13,102.345,102.44,102.325,102.37,4831,0.024427183
2020/5/14,102.37,102.47,102.3,102.385,4948,0.034196385
2020/5/15,102.37,102.515,102.37,102.445,3382,0.058602334
2020/5/18,102.12,102.135,101.955,101.96,6588,-0.483138939
2020/5/19,101.855,102,101.745,101.875,8405,-0.093164656
2020/5/20,101.875,101.91,101.68,101.725,9909,-0.186429868
2020/5/21,101.735,101.82,101.67,101.75,7333,0
2020/5/22,101.76,102.105,101.76,102.105,7150,0.329173627
2020/5/25,102.015,102.055,101.725,101.745,5116,-0.254889466
2020/5/26,101.745,101.895,101.38,101.52,9457,-0.235849057
2020/5/27,101.52,101.61,101.3,101.365,8658,-0.14284307
2020/5/28,101.36,101.55,101.32,101.485,8492,0.128262049
2020/5/29,101.46,101.555,101.44,101.485,5945,0
2020/6/1,101.64,101.675,101.495,101.53,10506,0.044341528
2020/6/2,101.46,101.525,101.195,101.22,15687,-0.324963072
2020/6/3,101.25,101.3,100.835,101.295,14448,-0.039473035
2020/6/4,101.245,101.35,101.065,101.075,11018,-0.167909526
2020/6/5,101.105,101.16,100.995,101.015,12714,-0.098897295
2020/6/8,101.03,101.23,100.965,101.225,10847,0.193011977
2020/6/9,101.145,101.405,101.145,101.24,11160,0.039525692
2020/6/10,101.26,101.345,101.09,101.15,9286,-0.108631246
2020/6/11,101.2,101.28,101.14,101.225,8959,0.069200732
2020/6/12,101.325,101.375,101.23,101.285,10428,0.049390033
2020/6/15,101.305,101.36,101.23,101.28,7137,0.004937053
2020/6/16,101.175,101.26,101.125,101.13,6793,-0.172745669
2020/6/17,101.135,101.155,101.02,101.025,6640,-0.14332312
2020/6/18,101.175,101.26,100.98,101.08,8348,0.039588282
2020/6/19,101.095,101.11,100.98,101.04,5867,-0.009896091
2020/6/22,101.045,101.08,100.935,100.94,5006,-0.08413759
2020/6/23,100.93,100.995,100.73,100.99,10808,-0.01485075
2020/6/24,101,101.2,101,101.2,8629,0.312236705
2020/6/29,101.18,101.28,101.125,101.21,7622,0.049426651
2020/6/30,101.1,101.23,101.1,101.22,5852,0.009880447
2020/7/1,101.255,101.27,101.145,101.17,5662,-0.044459813
2020/7/2,101.11,101.225,101.11,101.215,5911,0.044479589
2020/7/3,101.2,101.25,101.165,101.185,5706,-0.019761869
2020/7/6,101.115,101.17,100.79,100.8,10485,-0.390335491
2020/7/7,100.77,100.85,100.6,100.81,9344,-0.029750099
2020/7/8,100.81,100.835,100.615,100.67,10817,-0.143827803
2020/7/9,100.635,100.665,100.46,100.56,13053,-0.084455264
2020/7/10,100.58,100.75,100.565,100.635,9653,0.0646316
2020/7/13,100.65,100.68,100.43,100.51,11687,-0.13413483
2020/7/14,100.62,100.695,100.565,100.595,9956,0.089547784
2020/7/15,100.6,100.78,100.55,100.76,7987,0.139137348
2020/7/16,100.755,100.825,100.715,100.805,7896,0.069489254
2020/7/17,100.85,100.88,100.74,100.805,7276,0.014882429
2020/7/20,100.8,100.87,100.74,100.805,5359,0.024806509
2020/7/21,100.85,100.97,100.85,100.9,7751,0.109137811
2020/7/22,100.885,100.98,100.805,100.97,6853,0.074334704
2020/7/23,100.935,100.975,100.885,100.94,5435,-0.009905894
2020/7/24,100.925,101.03,100.9,100.965,6859,0.014858841
2020/7/27,100.96,100.96,100.875,100.93,5924,-0.029714739
2020/7/28,100.9,100.905,100.84,100.865,5256,-0.059450087
2020/7/29,100.865,100.89,100.79,100.815,5954,-0.0446163
2020/7/30,100.785,100.83,100.775,100.815,5718,0.009920143
2020/7/31,100.775,100.795,100.66,100.725,7668,-0.08927243
2020/8/3,100.59,100.795,100.59,100.755,5463,0.044682752
2020/8/4,100.745,100.785,100.685,100.73,6043,-0.02977372
2020/8/5,100.735,100.8,100.6,100.615,6004,-0.099290076
2020/8/6,100.58,100.625,100.515,100.52,6947,-0.109311339
2020/8/7,100.52,100.6,100.505,100.545,6860,0.014920919
2020/8/10,100.545,100.66,100.52,100.64,7607,0.104441239
2020/8/11,100.635,100.635,100.565,100.625,7283,0
2020/8/12,100.605,100.635,100.515,100.605,9619,0
2020/8/13,100.59,100.64,100.57,100.62,4461,0.034796441
2020/8/14,100.65,100.725,100.63,100.67,6871,0.044720497
2020/8/17,100.705,100.72,100.655,100.685,5041,0.024836082
2020/8/18,100.685,100.715,100.645,100.685,4990,0.014900169
2020/8/19,100.665,100.685,100.565,100.57,4101,-0.104296002
2020/8/20,100.585,100.61,100.52,100.52,4322,-0.079522863
2020/8/21,100.535,100.57,100.52,100.545,2719,0.004973145
2020/8/24,100.36,100.395,100.3,100.325,6175,-0.223769269
2020/8/25,100.27,100.325,100.22,100.255,7238,-0.104623356
2020/8/26,100.27,100.31,100.185,100.195,7395,-0.064831438
2020/8/27,100.19,100.23,100.15,100.155,7524,-0.059871277
2020/8/28,100.15,100.16,100.09,100.16,8619,-0.019964065
2020/8/31,100.16,100.21,100.135,100.195,6697,0.074910108
2020/9/1,100.19,100.21,100.17,100.185,6653,-0.009980538
2020/9/2,100.17,100.17,100.085,100.105,5852,-0.084838806
2020/9/3,100.07,100.115,100.02,100.11,8576,0
2020/9/4,100.15,100.17,100.06,100.07,5579,-0.019982016
2020/9/7,100.05,100.07,100.01,100.06,5922,-0.009993005
2020/9/8,100.095,100.135,100.075,100.115,6950,0.074970012
2020/9/9,100.15,100.295,100.125,100.29,13128,0.174798981
2020/9/10,100.24,100.39,100.235,100.35,10502,0.124719381
2020/9/11,100.33,100.335,100.27,100.27,9706,-0.084699317
2020/9/14,100.235,100.29,100.155,100.26,4458,-0.019944156
2020/9/15,100.3,100.405,100.28,100.36,8978,0.124706939
2020/9/16,100.42,100.465,100.385,100.385,7565,0.004981072
2020/9/17,100.385,100.43,100.315,100.34,7189,-0.064737812
2020/9/18,100.375,100.45,100.35,100.385,7450,0.049833059
2020/9/21,100.385,100.52,100.385,100.475,7417,0.104612932
2020/9/22,100.5,100.545,100.415,100.475,8831,0.00497661
2020/9/23,100.5,100.5,100.425,100.465,6698,0.009954706
2020/9/24,100.48,100.49,100.36,100.375,7575,-0.079637649
2020/9/25,100.34,100.39,100.33,100.335,4708,-0.044829647
2020/9/28,100.31,100.365,100.285,100.36,4304,0.014948428
2020/9/29,100.35,100.36,100.29,100.325,3647,-0.024912805
2020/9/30,100.33,100.345,100.2,100.22,4340,-0.084741538
2020/10/9,100.175,100.18,100.085,100.09,6093,-0.129714628
2020/10/12,100.07,100.17,100.04,100.145,5746,0.044955045
2020/10/13,100.135,100.165,100.125,100.165,4768,0.014977534
2020/10/14,100.145,100.155,100.095,100.1,6486,-0.054914882
2020/10/15,100.05,100.13,100.05,100.06,6223,-0.04994506
2020/10/16,100.075,100.13,100.02,100.125,7122,0.054961527
2020/10/19,100.15,100.195,100.115,100.185,7629,0.074917591
2020/10/20,100.17,100.2,100.145,100.195,7009,0.014973049
2020/10/21,100.165,100.265,100.165,100.24,7771,0.054898438
2020/10/22,100.27,100.355,100.27,100.325,8428,0.099775505
2020/10/23,100.295,100.315,100.265,100.285,7628,-0.034888357
2020/10/26,100.25,100.295,100.205,100.235,7894,-0.039890302
2020/10/27,100.25,100.29,100.23,100.275,6616,0.024937656
2020/10/28,100.31,100.37,100.225,100.29,8052,0.024933925
2020/10/29,100.31,100.33,100.225,100.245,7208,-0.01994714
2020/10/30,100.245,100.3,100.23,100.255,6846,0.00997556
2020/11/2,100.245,100.31,100.205,100.305,6593,0.034905754
2020/11/3,100.33,100.36,100.275,100.29,6627,0.00498579
2020/11/4,100.27,100.305,100.245,100.29,6725,0
2020/11/5,100.265,100.305,100.2,100.215,6897,-0.069801067
2020/11/6,100.205,100.205,100.145,100.155,8412,-0.074827896
2020/11/9,100.11,100.145,100.1,100.12,7304,-0.034945834
2020/11/10,100.1,100.195,100.09,100.16,6238,0.029961051
2020/11/11,100.165,100.215,100.12,100.145,5795,-0.019967054
2020/11/12,100.12,100.125,100.065,100.075,7040,-0.054928593
2020/11/13,100.055,100.065,99.97,100,9038,-0.084927811
2020/11/16,100.015,100.095,100.015,100.02,7502,0.030003
2020/11/17,100.015,100.04,99.995,99.995,3792,-0.044982007
2020/11/18,100,100,99.835,99.885,4414,-0.119994
2020/11/19,99.88,99.885,99.82,99.84,5393,-0.04505181
2020/11/20,99.79,99.83,99.75,99.78,7570,-0.065100906
2020/11/23,99.84,99.87,99.84,99.855,3080,0.065136787
2020/11/24,99.86,99.88,99.79,99.81,4394,-0.050070098
2020/11/25,99.83,99.925,99.78,99.905,3493,0.105210421
2020/11/26,99.925,100.035,99.915,99.965,2409,0.080092106
2020/11/27,99.97,99.995,99.895,99.91,11072,-0.02001401
2020/11/30,99.97,100.13,99.97,100.13,7,0.215182905
2020/12/1,100.28,100.285,100.2,100.21,5014,0.079896135
2020/12/2,100.2,100.2,100.115,100.145,5718,-0.064863786
2020/12/3,100.135,100.16,100.07,100.11,4573,-0.024966296
2020/12/4,100.15,100.15,100.095,100.135,3871,0.044959536
2020/12/7,100.13,100.13,100.07,100.105,3894,-0.029959555
2020/12/8,100.145,100.185,100.135,100.16,4218,0.054942311
2020/12/9,100.185,100.195,100.115,100.15,8517,-0.019966058
2020/12/10,100.165,100.26,100.165,100.225,7255,0.074887668
2020/12/11,100.215,100.215,100.14,100.15,8476,-0.094767819
2020/12/14,100.135,100.175,100.11,100.16,3597,0
2020/12/15,100.25,100.305,100.215,100.255,8813,0.09984524
2020/12/16,100.25,100.33,100.245,100.305,7194,0.049872824
2020/12/17,100.27,100.29,100.2,100.2,7667,-0.104680724
2020/12/18,100.19,100.23,100.155,100.155,7780,-0.059871277
2020/12/21,100.21,100.285,100.21,100.265,6581,0.094838774
2020/12/22,100.305,100.365,100.285,100.3,7224,0.049875312
2020/12/23,100.36,100.415,100.31,100.39,7917,0.079752766
2020/12/24,100.35,100.38,100.305,100.33,7554,-0.049810719
2020/12/25,100.31,100.4,100.31,100.4,4846,0.084733091
2020/12/28,100.405,100.44,100.365,100.38,4767,0.009963136
2020/12/29,100.41,100.42,100.365,100.41,5164,0.019922303
2020/12/30,100.41,100.47,100.39,100.46,4174,0.06474426
2020/12/31,100.49,100.51,100.38,100.385,4866,-0.059734183
2021/1/4,100.385,100.405,100.315,100.345,6034,-0.044825182
2021/1/5,100.345,100.44,100.345,100.425,6455,0.084711979
2021/1/6,100.435,100.52,100.405,100.43,8585,0.00497884
2021/1/7,100.5,100.52,100.455,100.48,7868,0.054767239
2021/1/8,100.49,100.52,100.435,100.48,10033,-0.009951239
2021/1/11,100.48,100.48,100.405,100.455,7234,0.004977601
2021/1/12,100.48,100.56,100.44,100.555,6585,0.109512669
2021/1/13,100.57,100.66,100.53,100.65,9801,0.139289623
2021/1/14,100.7,100.775,100.525,100.55,15444,-0.084463656
2021/1/15,100.54,100.595,100.435,100.435,11102,-0.129269627
2021/1/18,100.41,100.41,100.335,100.38,9156,-0.069686411
2021/1/19,100.385,100.425,100.37,100.395,6285,0.009961648
2021/1/20,100.43,100.46,100.39,100.46,6708,0.054778148
2021/1/21,100.45,100.525,100.445,100.51,7024,0.079657473
2021/1/22,100.47,100.515,100.41,100.495,6569,0.004975619
2021/1/25,100.485,100.51,100.445,100.475,7086,-0.014926858
2021/1/26,100.4,100.4,100.31,100.32,10381,-0.164203612
2021/1/27,100.28,100.355,100.235,100.335,10524,0.014952153
2021/1/28,100.305,100.315,100.235,100.245,9158,-0.094678094
2021/1/29,100.28,100.33,100.1,100.255,12414,0.004987531
2021/2/1,100.275,100.36,100.265,100.32,7678,0.07980846
2021/2/2,100.33,100.365,100.32,100.33,6298,0.014952898
2021/2/3,100.31,100.31,100.21,100.22,8200,-0.109638194
2021/2/4,100.215,100.235,100.15,100.155,6900,-0.079812441
2021/2/5,100.15,100.24,100.145,100.19,5886,0.019966058
2021/2/8,100.2,100.24,100.155,100.235,6656,0.054901178
2021/2/9,100.225,100.295,100.225,100.255,7179,0.05489022
2021/2/10,100.255,100.255,100.205,100.23,3017,-0.039892291
2021/2/18,100.18,100.215,100.09,100.155,4506,-0.064857314
2021/2/19,100.2,100.295,100.185,100.29,5407,0.114799102
2021/2/22,100.28,100.355,100.25,100.355,4861,0.079780603
2021/2/23,100.34,100.41,100.335,100.395,5887,0.049828093
2021/2/24,100.435,100.485,100.42,100.43,1941,0.034862294
2021/2/25,100,100.05,99.975,100.04,5384,-0.383370675
2021/2/26,100.045,100.07,99.995,100.02,5707,-0.019992003
2021/3/1,100.025,100.08,100.025,100.055,6915,0.039994001
2021/3/2,100.06,100.11,100.025,100.07,5573,0.024988755
2021/3/3,100.07,100.135,100.025,100.05,6215,-0.024981264
2021/3/4,100.03,100.04,99.98,99.995,6638,-0.039986005
2021/3/5,99.99,100.09,99.965,100.085,8339,0.085
2021/3/8,100.055,100.115,100.02,100.095,8344,0.024982512
2021/3/9,100.08,100.095,100.005,100.055,10044,-0.034968528
2021/3/10,100.05,100.075,100.01,100.04,12589,0
2021/3/11,100.045,100.055,99.99,100,9775,-0.044979759
2021/3/12,100,100.035,99.99,99.995,8002,-0.019997
2021/3/15,100,100.005,99.935,99.97,7596,-0.03499825
2021/3/16,99.97,100.035,99.965,100,7361,0.050025013
2021/3/17,100.035,100.075,100.035,100.04,9569,0.029997
2021/3/18,100.045,100.045,100.01,100.02,5339,-0.024988755
2021/3/19,100.03,100.12,100.03,100.1,7370,0.064977258
2021/3/22,100.105,100.175,100.095,100.125,8561,0.024975025
2021/3/23,100.12,100.145,100.11,100.125,6458,0.004994007
2021/3/24,100.17,100.215,100.155,100.195,10147,0.074910108
2021/3/25,100.195,100.215,100.17,100.215,6174,0.034937113
2021/3/26,100.2,100.21,100.175,100.175,6547,-0.0249501
2021/3/29,100.17,100.175,100.125,100.17,6408,-0.009982032
2021/3/30,100.175,100.215,100.145,100.15,7590,-0.009984026
2021/3/31,100.17,100.21,100.155,100.21,8332,0.039932115
2021/4/1,100.205,100.225,100.165,100.175,6783,-0.0249501
2021/4/2,100.17,100.235,100.17,100.205,8306,0.024955081
2021/4/6,100.195,100.2,100.155,100.18,4798,-0.01996008
2021/4/7,100.17,100.175,100.095,100.1,15866,-0.074868979
2021/4/8,100.1,100.125,100.06,100.095,7530,-0.019977026
2021/4/9,100.115,100.15,100.11,100.135,7259,0.034965035
2021/4/12,100.15,100.19,100.15,100.19,6211,0.059922101
2021/4/13,100.22,100.32,100.22,100.32,10926,0.144746693
2021/4/14,100.3,100.315,100.27,100.285,7333,-0.009970587
2021/4/15,100.28,100.3,100.255,100.26,5726,-0.024928952
2021/4/16,100.26,100.285,100.24,100.28,6933,0.014960355
2021/4/19,100.29,100.32,100.245,100.315,6448,0.044878827
2021/4/20,100.315,100.345,100.31,100.33,7945,0.034897054
2021/4/21,100.335,100.385,100.325,100.365,10362,0.044856459
2021/4/22,100.355,100.37,100.32,100.35,6825,-0.014945449
2021/4/23,100.35,100.385,100.345,100.365,8374,0.009964626
2021/4/26,100.32,100.335,100.275,100.315,11835,-0.049818164
2021/4/27,100.32,100.365,100.305,100.305,9744,-0.014952153
2021/4/28,100.325,100.36,100.315,100.335,8103,0.019937198
2021/4/29,100.37,100.395,100.32,100.365,13930,0.029899836
2021/4/30,100.365,100.445,100.345,100.415,6937,0.064773293
2021/5/6,100.415,100.465,100.395,100.445,5435,0.029876015
2021/5/7,100.455,100.49,100.435,100.46,6435,0.009955202
2021/5/10,100.465,100.535,100.435,100.535,5792,0.07465658
2021/5/11,100.54,100.59,100.525,100.59,12668,0.084572907
2021/5/12,100.59,100.61,100.52,100.53,9286,-0.029832936
2021/5/13,100.5,100.525,100.465,100.525,8168,-0.009946785
2021/5/14,100.525,100.555,100.495,100.535,11290,0.039802975
2021/5/17,100.495,100.565,100.485,100.495,9883,-0.039787139
2021/5/18,100.49,100.505,100.41,100.48,6544,-0.014926116
2021/5/19,100.48,100.55,100.48,100.545,5697,0.054731814
2021/5/20,100.3,100.365,100.265,100.36,11359,-0.16910375
2021/5/21,100.365,100.41,100.325,100.395,7931,0.089726335
2021/5/24,100.41,100.425,100.305,100.335,9867,-0.049808238
2021/5/25,100.32,100.36,100.25,100.36,9255,0.039872408
2021/5/26,100.365,100.405,100.35,100.355,9557,0.024917771
2021/5/27,100.36,100.36,100.305,100.305,9958,-0.079693181
2021/5/28,100.3,100.315,100.275,100.285,10996,-0.034888357
2021/5/31,100.26,100.32,100.23,100.32,9135,0.039888313
2021/6/1,100.32,100.365,100.31,100.32,8153,0.014954389
2021/6/2,100.315,100.34,100.27,100.28,11819,-0.039872408
2021/6/3,100.295,100.315,100.275,100.305,8520,0.029917726
2021/6/4,100.305,100.315,100.22,100.225,8251,-0.069794107
2021/6/7,100.18,100.205,100.14,100.17,12764,-0.064847608
2021/6/8,100.19,100.215,100.165,100.17,11140,0
2021/6/9,100.165,100.19,100.155,100.17,11838,0
2021/6/10,100.205,100.235,100.19,100.215,8475,0.049917636
2021/6/11,100.21,100.22,100.165,100.17,8771,-0.049890241
2021/6/15,100.16,100.2,100.135,100.19,5906,0.014973796
2021/6/16,100.19,100.21,100.17,100.185,7204,0
2021/6/17,100.17,100.195,100.155,100.16,8049,-0.024953835
2021/6/18,100.175,100.245,100.165,100.23,8088,0.059898173
2021/6/21,100.265,100.295,100.24,100.29,9115,0.069846338
2021/6/22,100.27,100.31,100.25,100.305,11915,0.024930195
2021/6/23,100.31,100.37,100.31,100.36,11698,0.064808814
2021/6/24,100.385,100.43,100.365,100.38,13091,0.029895366
2021/6/25,100.38,100.395,100.37,100.385,6032,0.00996264
2021/6/28,100.39,100.425,100.35,100.355,10375,-0.02490536
2021/6/29,100.33,100.39,100.33,100.38,9690,0.009963136
2021/6/30,100.385,100.43,100.37,100.425,10349,0.044829647
2021/7/1,100.43,100.51,100.375,100.375,7300,-0.04481179
2021/7/2,100.375,100.425,100.375,100.4,6938,0.019924288
2021/7/5,100.435,100.45,100.4,100.42,6257,0.004979336
2021/7/6,100.41,100.435,100.39,100.4,8251,-0.019916351
2021/7/7,100.41,100.5,100.39,100.475,11679,0.074701195
2021/7/8,100.595,100.65,100.575,100.595,12437,0.149335457
2021/7/9,100.58,100.59,100.51,100.54,8315,-0.054674686
2021/7/12,100.6,100.715,100.595,100.685,9955,0.154182831
2021/7/13,100.68,100.74,100.68,100.705,6697,0.014897209
2021/7/14,100.74,100.785,100.715,100.74,10423,0.029788502
2021/7/15,100.705,100.725,100.665,100.665,9855,-0.099240808
2021/7/16,100.665,100.725,100.665,100.72,4151,0.04966723
2021/7/19,100.74,100.74,100.695,100.73,5039,0.019859001
2021/7/20,100.755,100.8,100.74,100.78,9027,0.049637645
2021/7/21,100.795,100.83,100.765,100.83,6813,0.064506525
2021/7/22,100.815,100.825,100.775,100.81,5267,0
2021/7/23,100.84,100.88,100.805,100.87,4838,0.074408453
2021/7/26,100.88,100.945,100.88,100.91,6723,0.049573666
2021/7/27,100.89,100.91,100.61,100.75,16408,-0.173396086
2021/7/28,100.76,100.84,100.75,100.775,8656,-0.029760429
2021/7/29,100.8,100.845,100.8,100.815,6436,0.034729113
2021/7/30,100.9,101.15,100.85,100.925,9719,0.104146003
2021/8/2,100.975,101.025,100.92,100.965,8928,0.049546648
2021/8/3,100.955,100.97,100.9,100.91,7465,-0.034672346
2021/8/4,100.895,100.91,100.87,100.9,8120,-0.024770869
2021/8/5,100.92,100.94,100.895,100.94,8763,0.049558926
2021/8/6,100.89,100.92,100.89,100.91,6627,-0.014862522
2021/8/9,100.89,100.89,100.775,100.785,9102,-0.11892374
2021/8/10,100.75,100.81,100.73,100.795,11698,0.009922111
2021/8/11,100.79,100.805,100.76,100.775,6086,-0.019842254
2021/8/12,100.775,100.815,100.705,100.79,8627,0.014884644
2021/8/13,100.79,100.79,100.75,100.775,6529,-0.019842254
2021/8/16,100.79,100.79,100.735,100.77,7223,0.00496204
2021/8/17,100.77,100.81,100.76,100.8,6768,0.034734283
2021/8/18,100.765,100.915,100.755,100.9,7217,0.104171834
2021/8/19,100.915,100.945,100.83,100.87,3395,-0.024778235
2021/8/20,100.81,100.81,100.695,100.72,8239,-0.148706256
2021/8/23,100.715,100.73,100.685,100.69,6331,-0.024822519
2021/8/24,100.695,100.735,100.67,100.735,5191,0.044691628
2021/8/25,100.745,100.8,100.745,100.76,7772,0.039714059
2021/8/26,100.755,100.755,100.685,100.695,8080,-0.064509726
2021/8/27,100.7,100.76,100.7,100.76,9758,0.05958292
2021/8/30,100.745,100.805,100.73,100.795,9112,0.049630255
2021/8/31,100.81,100.835,100.775,100.79,8886,-0.004960564
2021/9/1,100.79,100.9,100.79,100.89,9629,0.099216192
2021/9/2,100.88,100.88,100.83,100.835,6912,-0.049561382
2021/9/3,100.835,100.85,100.8,100.805,7440,-0.034708449
2021/9/6,100.82,100.84,100.76,100.77,8238,-0.0347205
2021/9/7,100.765,100.785,100.725,100.73,6303,-0.044653932
2021/9/8,100.73,100.76,100.7,100.725,8635,-0.019852102
2021/9/9,100.72,100.755,100.71,100.715,6809,-0.004964257
2021/9/10,100.8,100.8,100.68,100.73,8044,0.014893511
2021/9/13,100.725,100.74,100.615,100.625,8301,-0.089361068
2021/9/14,100.625,100.65,100.61,100.645,9689,-0.00496771
2021/9/15,100.665,100.7,100.615,100.62,9569,-0.019872814
2021/9/16,100.62,100.67,100.615,100.665,8497,0.029810702
2021/9/17,100.7,100.725,100.675,100.7,8000,0.039737731
2021/9/22,100.725,100.775,100.725,100.77,5786,0.069513406
2021/9/23,100.77,100.82,100.75,100.81,8622,0.049622866
2021/9/24,100.795,100.81,100.77,100.78,7832,-0.029758952
2021/9/27,100.785,100.805,100.745,100.755,9424,-0.024806509
2021/9/28,100.755,100.76,100.725,100.74,11180,-0.009925558
2021/9/29,100.735,100.795,100.72,100.79,7952,0.049632718
2021/9/30,100.8,100.825,100.75,100.79,9893,0.004961056
2021/10/8,100.78,100.79,100.725,100.75,10561,-0.044645072
2021/10/11,100.735,100.735,100.64,100.645,8884,-0.104218362
2021/10/12,100.66,100.69,100.625,100.66,9730,0
2021/10/13,100.65,100.68,100.62,100.655,10921,0.01490461
2021/10/14,100.66,100.695,100.63,100.64,13842,0
2021/10/15,100.635,100.665,100.555,100.61,10620,-0.029809221
2021/10/18,100.5,100.535,100.48,100.515,12780,-0.10931677
2021/10/19,100.48,100.55,100.48,100.545,13051,0.039799015
2021/10/20,100.58,100.595,100.535,100.54,12588,0.004973392
2021/10/21,100.57,100.61,100.555,100.61,17840,0.06962403
2021/10/22,100.61,100.625,100.585,100.6,12189,0.009941346
2021/10/25,100.605,100.635,100.595,100.61,8608,0.009940358
2021/10/26,100.615,100.65,100.605,100.63,10270,0.02484966
2021/10/27,100.635,100.66,100.62,100.64,10662,0.009937394
2021/10/28,100.64,100.665,100.62,100.655,12868,0.024843486
2021/10/29,100.655,100.68,100.615,100.63,14592,-0.01987084
2021/11/1,100.66,100.705,100.63,100.69,12683,0.064596273
2021/11/2,100.69,100.75,100.66,100.73,11652,0.049662296
2021/11/3,100.73,100.785,100.73,100.745,15646,0.014891294
2021/11/4,100.75,100.77,100.735,100.755,10522,0.009926051
2021/11/5,100.78,100.865,100.78,100.86,20952,0.109181141
2021/11/8,100.865,100.895,100.83,100.845,16780,0.00495835
2021/11/9,100.825,100.85,100.8,100.845,17257,0.009917191
2021/11/10,100.85,100.865,100.815,100.83,16615,0
2021/11/11,100.82,100.83,100.8,100.815,17606,-0.014876525
2021/11/12,100.81,100.84,100.805,100.805,6661,-0.004959825
2021/11/15,100.805,100.855,100.785,100.855,12368,0.039676635
2021/11/16,100.86,100.865,100.82,100.84,11934,0
2021/11/17,100.845,100.845,100.775,100.78,13470,-0.059500198
2021/11/18,100.78,100.815,100.765,100.775,11676,-0.009922111
2021/11/19,100.77,100.82,100.73,100.735,10415,-0.039692384
2021/11/22,100.72,100.775,100.71,100.765,6741,0.019852102
2021/11/23,100.755,100.76,100.72,100.745,5905,-0.009925066
2021/11/24,100.76,100.85,100.76,100.835,8982,0.089334458
2021/11/25,100.815,100.835,100.8,100.82,9035,0.01984127
2021/11/26,100.83,100.88,100.83,100.875,12889,0.054552668
2021/11/29,100.88,100.88,100.83,100.86,6290,-0.00991375
2021/11/30,100.825,100.83,100.77,100.815,10357,-0.039660899
2021/12/1,100.81,100.81,100.775,100.775,14706,-0.039676635
2021/12/2,100.78,100.8,100.725,100.75,12113,-0.03472739
2021/12/3,100.745,100.765,100.705,100.72,8535,-0.029776675
2021/12/6,100.81,100.88,100.81,100.825,10176,0.114189256
2021/12/7,100.835,100.84,100.775,100.78,15089,-0.054544553
2021/12/8,100.785,100.795,100.735,100.76,12078,-0.024805279
2021/12/9,100.75,100.81,100.735,100.79,8899,0.039702233
2021/12/10,100.795,100.825,100.795,100.81,15053,0.029767811
2021/12/13,100.815,100.845,100.785,100.84,11460,0.024797897
2021/12/14,100.85,100.925,100.85,100.895,17681,0.064464941
2021/12/15,100.875,100.925,100.8,100.92,11510,0.019821606
2021/12/16,100.91,100.92,100.87,100.895,12599,-0.009910312
2021/12/17,100.895,100.945,100.885,100.89,16107,0.009912768
2021/12/20,100.89,100.89,100.79,100.845,17504,-0.054509415
2021/12/21,100.84,100.85,100.805,100.85,22359,0.004958104
2021/12/22,100.845,100.91,100.835,100.905,22845,0.0793454
2021/12/23,100.91,100.96,100.905,100.95,21697,0.064429796
2021/12/24,100.96,100.975,100.91,100.92,18458,-0.024765962
2021/12/27,100.93,100.995,100.925,100.95,22186,0.029726516
2021/12/28,100.965,100.98,100.925,100.96,18887,0.019813751
2021/12/29,100.985,101.01,100.97,101.005,13432,0.049527017
2021/12/30,100.99,101.09,100.985,101.09,17526,0.094064063
2021/12/31,101.025,101.11,100.965,101.08,15615,0.014841933
2022/1/4,101.06,101.09,101.02,101.085,11554,0.004946577
2022/1/5,101.08,101.085,101.045,101.055,12058,-0.014841199
2022/1/6,101.05,101.05,100.985,100.985,15275,-0.06926921
2022/1/7,100.985,101,100.955,100.99,14495,0
2022/1/10,101.005,101.055,101.005,101.035,8941,0.054466231
2022/1/11,101.025,101.085,101.025,101.075,9602,0.034639747
2022/1/12,101.085,101.11,101.065,101.065,11060,-0.004947066
2022/1/13,101.07,101.085,101.03,101.06,12717,-0.009894133
2022/1/14,101.095,101.095,101.04,101.05,13998,-0.014841933
2022/1/17,101.085,101.155,101.085,101.12,21314,0.069272637
2022/1/18,101.15,101.29,101.15,101.275,16251,0.158235672
2022/1/19,101.31,101.38,101.31,101.325,17528,0.05431026
2022/1/20,101.34,101.355,101.315,101.34,10487,0.009868746
2022/1/21,101.345,101.445,101.34,101.44,11942,0.098677719
2022/1/24,101.5,101.5,101.45,101.465,11332,0.049302371
2022/1/25,101.47,101.47,101.375,101.385,13087,-0.093614505
2022/1/26,101.35,101.36,101.295,101.345,15956,-0.039453568
2022/1/27,101.335,101.38,101.295,101.345,12694,0.024674299
2022/1/28,101.37,101.465,101.365,101.465,9885,0.123347148
2022/2/7,101.45,101.45,101.28,101.405,10700,-0.02464754
2022/2/8,101.43,101.445,101.365,101.37,14328,-0.029585799
2022/2/9,101.35,101.36,101.31,101.335,17339,-0.03452698
2022/2/10,101.35,101.37,101.34,101.35,11825,0.009867772
2022/2/11,101.28,101.295,101.21,101.23,23763,-0.118401579
2022/2/14,101.245,101.26,101.2,101.21,13277,-0.014818474
2022/2/15,101.21,101.235,101.175,101.215,11016,0.009880935
2022/2/16,101.18,101.23,101.175,101.22,20694,0
2022/2/17,101.24,101.265,101.215,101.22,14378,0.024704778
2022/2/18,101.21,101.235,101.185,101.19,12327,-0.034576439
2022/2/21,101.165,101.19,101.085,101.115,10273,-0.079055289
2022/2/22,101.115,101.15,101,101.025,17624,-0.108765511
2022/2/23,101.06,101.12,101.06,101.11,11393,0.074231702
2022/2/24,101.13,101.16,101.105,101.115,11407,0.019783372
2022/2/25,101.1,101.185,101.085,101.165,10146,0.049448648
2022/2/28,101.17,101.23,101.17,101.195,11369,0.029654525
2022/3/1,101.205,101.22,101.14,101.145,15379,-0.054347826
2022/3/2,101.11,101.155,101.095,101.125,13931,-0.029657456
2022/3/3,101.105,101.12,101.02,101.03,25253,-0.098882626
2022/3/4,101.06,101.075,101.015,101.05,23793,0.01484634
2022/3/7,101.03,101.155,101.015,101.135,19106,0.084116774
2022/3/8,101.135,101.2,101.135,101.18,17224,0.03954914
2022/3/9,101.155,101.155,101.045,101.11,21398,-0.06424512
2022/3/10,101.12,101.165,101.085,101.095,13270,-0.014835328
2022/3/11,101.055,101.285,101.03,101.25,28936,0.153321134
2022/3/14,101.32,101.4,101.3,101.355,30309,0.158110579
2022/3/15,101.25,101.31,101.13,101.16,20455,-0.172694528
2022/3/16,101.155,101.25,101.045,101.175,21002,0.009884842
2022/3/17,101.195,101.215,101.145,101.175,11342,0
2022/3/18,101.18,101.28,101.175,101.26,14565,0.088959178
2022/3/21,101.23,101.235,101.17,101.18,11938,-0.079004543
2022/3/22,101.145,101.145,101.105,101.11,14827,-0.069183633
2022/3/23,101.125,101.17,101.115,101.125,13056,0
2022/3/24,101.125,101.16,101.09,101.16,10439,0.03461063
2022/3/25,101.16,101.18,101.14,101.175,11917,0.029660389
2022/3/28,101.19,101.235,101.145,101.155,9985,-0.009884842
2022/3/29,101.155,101.175,101.135,101.155,8714,0
2022/3/30,101.165,101.24,101.16,101.22,11981,0.069204152
2022/3/31,101.22,101.225,101.185,101.195,13215,-0.019759917
2022/4/1,101.22,101.285,101.205,101.25,12782,0.054350511
2022/4/6,101.29,101.315,101.255,101.285,8641,0.01975016
2022/4/7,101.305,101.365,101.29,101.35,11077,0.064175347
2022/4/8,101.345,101.36,101.275,101.305,10920,-0.009870207
2022/4/11,101.32,101.32,101.225,101.235,10388,-0.064165844
2022/4/12,101.245,101.385,101.195,101.235,15613,-0.004938759
2022/4/13,101.225,101.275,101.22,101.26,12385,0.039517882
2022/4/14,101.32,101.35,101.29,101.3,14887,0.039502271
2022/4/15,101.285,101.4,101.275,101.335,24298,0.024676735
2022/4/18,101.25,101.295,101.23,101.25,17785,-0.103596271
2022/4/19,101.255,101.295,101.21,101.225,15446,-0.029628167
2022/4/20,101.21,101.225,101.17,101.195,32475,-0.024698676
2022/4/21,101.2,101.22,101.185,101.21,17803,0.029650128
2022/4/22,101.205,101.215,101.125,101.145,24348,-0.064222903
2022/4/25,101.175,101.21,101.16,101.195,16181,0.059326643
2022/4/26,101.19,101.21,101.16,101.18,15080,-0.009882399
2022/4/27,101.16,101.165,101.1,101.11,21787,-0.06424512
2022/4/28,101.095,101.1,101.025,101.06,20579,-0.059335443
2022/4/29,101.095,101.14,101.065,101.135,19973,0.094022169
2022/5/5,101.13,101.15,101.11,101.145,10546,0.014832394
2022/5/6,101.14,101.14,101.065,101.12,21684,-0.01977457
2022/5/9,101.145,101.145,101.11,101.145,19262,0.024723101
2022/5/10,101.165,101.23,101.165,101.22,16046,0.088994364
2022/5/11,101.205,101.205,101.145,101.18,15916,-0.02964134
2022/5/12,101.185,101.24,101.185,101.225,13220,0.05930905
2022/5/13,101.255,101.275,101.215,101.215,16435,-0.004939735
2022/5/16,101.18,101.255,101.17,101.25,10560,0.024697456
2022/5/17,101.25,101.3,101.25,101.29,9368,0.044446639
2022/5/18,101.29,101.34,101.28,101.335,9075,0.044426893
2022/5/19,101.115,101.145,101.045,101.065,14803,-0.256600049
2022/5/20,101.025,101.06,101.015,101.05,14654,-0.004947801
2022/5/23,101.08,101.1,101.065,101.095,10924,0.054433888
2022/5/24,101.095,101.11,101.045,101.06,15079,-0.019786308
2022/5/25,101.08,101.085,101.03,101.04,14947,-0.014843402
2022/5/26,101.1,101.18,101.1,101.17,22581,0.128661916
2022/5/27,101.17,101.185,101.14,101.185,17660,0.01482653
2022/5/30,101.155,101.155,101.09,101.115,12213,-0.054363942
2022/5/31,101.06,101.09,101.04,101.065,18550,-0.049448648
2022/6/1,101.09,101.09,101.015,101.02,9333,-0.029688273
2022/6/2,101.025,101.055,100.99,100.99,16852,-0.049485352
2022/6/6,100.94,100.995,100.91,100.935,16668,-0.064356436
2022/6/7,100.925,100.995,100.905,100.99,19515,0.059447142
2022/6/8,100.99,101.02,100.97,100.99,15189,0.019807864
2022/6/9,100.98,101.045,100.98,101.035,18377,0.044558867
2022/6/10,101.04,101.06,101,101.005,20830,-0.029692681
2022/6/13,101,101.015,100.955,100.985,18201,-0.024750025
2022/6/14,100.945,100.995,100.945,100.995,18287,0.019806883
2022/6/15,100.985,100.985,100.925,100.955,24649,-0.014855898
2022/6/16,100.955,100.985,100.95,100.98,18843,0.034672346
2022/6/17,100.98,101.045,100.98,101.01,28257,0.039615727
2022/6/20,100.99,101,100.955,100.955,24241,-0.054450054
2022/6/21,100.95,100.965,100.93,100.94,23772,-0.019809826
2022/6/22,100.955,100.98,100.94,100.97,18842,0.029720626
2022/6/23,100.985,101.005,100.965,100.97,23450,0.009904913
2022/6/24,100.99,101.02,100.96,100.97,22785,-0.014853691
2022/6/27,100.94,100.95,100.865,100.885,25871,-0.084183421
2022/6/28,100.905,100.925,100.84,100.845,25183,-0.029739777
2022/6/29,100.86,100.925,100.86,100.88,32128,0.029747149
2022/6/30,100.87,100.96,100.87,100.955,26804,0.059467764
2022/7/1,100.96,100.99,100.95,100.96,26433,0.009905894
2022/7/4,100.92,100.92,100.77,100.82,37474,-0.143614124
2022/7/5,100.785,100.835,100.725,100.835,28409,0.049610557
2022/7/6,100.85,100.905,100.835,100.865,24131,0.049595794
2022/7/7,100.855,100.88,100.835,100.845,21832,-0.019828484
2022/7/8,100.86,100.895,100.825,100.875,24631,0.01983045
2022/7/11,100.905,100.96,100.9,100.945,24039,0.074353128
2022/7/12,100.99,101.05,100.945,100.975,23664,0.039629465
2022/7/13,101.02,101.04,100.97,100.995,25510,0.029713267
2022/7/14,101,101.035,101,101.02,27535,0.034658613
2022/7/15,101.04,101.08,101.01,101.06,28928,0.04950005
2022/7/18,101.09,101.1,101.06,101.07,21810,0.014843402
2022/7/19,101.015,101.065,101.015,101.06,18214,-0.004947311
2022/7/20,101.06,101.105,101.03,101.095,25886,0.04453241
2022/7/21,101.14,101.14,101.1,101.11,18936,0.039576531
2022/7/22,101.1,101.105,101.075,101.09,19261,-0.019780437
2022/7/25,101.08,101.145,101.065,101.115,22808,0.019783372
2022/7/26,101.135,101.21,101.125,101.205,19420,0.084058544
2022/7/27,101.205,101.225,101.18,101.18,20520,-0.009882399
2022/7/28,101.19,101.19,101.105,101.115,29223,-0.074117996
2022/7/29,101.2,101.235,101.18,101.225,20774,0.108787025
2022/8/1,101.27,101.315,101.245,101.265,23329,0.044457617
2022/8/2,101.29,101.36,101.285,101.35,24354,0.078996741
2022/8/3,101.335,101.42,101.295,101.415,24203,0.07894607
2022/8/4,101.42,101.5,101.355,101.355,26772,-0.044378698
2022/8/5,101.35,101.385,101.315,101.325,22169,-0.044391832
2022/8/8,101.305,101.37,101.305,101.32,18033,-0.009868746
2022/8/9,101.33,101.34,101.24,101.28,27919,-0.034545724
2022/8/10,101.27,101.335,101.24,101.255,30120,0
2022/8/11,101.24,101.305,101.24,101.29,29715,0.014811158
2022/8/12,101.3,101.325,101.255,101.26,27821,-0.014811158
2022/8/15,101.4,101.605,101.4,101.46,25481,0.192564065
2022/8/16,101.54,101.54,101.425,101.435,18543,0
2022/8/17,101.395,101.44,101.365,101.435,7498,-0.004929022
2022/8/18,101.21,101.235,101.18,101.23,29173,-0.192260291
2022/8/19,101.23,101.235,101.175,101.21,26239,-0.00987947
2022/8/22,101.21,101.25,101.17,101.195,23138,-0.004940711
2022/8/23,101.165,101.19,101.14,101.15,29176,-0.039529598
2022/8/24,101.125,101.175,101.125,101.16,29507,0.014830194
2022/8/25,101.135,101.14,101.09,101.105,31545,-0.044488384
2022/8/26,101.09,101.125,101.08,101.1,33918,0.004945843
2022/8/29,101.1,101.17,101.065,101.17,36531,0.0642896
2022/8/30,101.185,101.22,101.15,101.17,33175,0.014828728
2022/8/31,101.155,101.22,101.155,101.19,34460,0.014825797
2022/9/1,101.19,101.26,101.175,101.24,36181,0.049411997
2022/9/2,101.24,101.28,101.225,101.23,35425,-0.009877519
2022/9/5,101.23,101.3,101.23,101.27,40459,0.039513978
2022/9/6,101.29,101.31,101.26,101.29,45130,0.034566194
2022/9/7,101.28,101.295,101.25,101.265,41148,-0.009874105
2022/9/8,101.235,101.265,101.225,101.26,34551,-0.00493754
2022/9/9,101.255,101.275,101.185,101.185,44470,-0.064197531
2022/9/13,101.215,101.225,101.19,101.215,14706,0
2022/9/14,101.19,101.195,101.16,101.18,25964,-0.02964134
2022/9/15,101.205,101.22,101.15,101.16,26857,-0.024707219
2022/9/16,101.11,101.15,101.085,101.135,42270,-0.029654525
2022/9/19,101.135,101.17,101.12,101.165,49462,0.029663321
2022/9/20,101.18,101.205,101.17,101.2,44070,0.044486185
2022/9/21,101.195,101.23,101.18,101.22,41422,0.024704778
2022/9/22,101.235,101.25,101.21,101.235,51065,0.019759917
2022/9/23,101.22,101.23,101.185,101.205,41001,-0.02963402
2022/9/26,101.175,101.175,101.1,101.115,39627,-0.074117996
2022/9/27,101.1,101.13,101.07,101.12,41087,0.009890219
2022/9/28,101.09,101.1,101.065,101.08,29226,-0.029670656
2022/9/29,101.095,101.12,101.025,101.03,37229,-0.054409655
2022/9/30,100.995,101.085,100.975,101.05,28333,0.00989707
2022/10/10,101.09,101.18,101.09,101.18,38711,0.128649184
2022/10/11,101.195,101.21,101.13,101.145,35771,-0.014827995
2022/10/12,101.13,101.23,101.11,101.185,53578,0.039547185
2022/10/13,101.19,101.19,101.155,101.18,42630,0.024714547
2022/10/14,101.185,101.25,101.165,101.245,41950,0.069187052
2022/10/17,101.24,101.265,101.205,101.215,27005,-0.014817742
2022/10/18,101.22,101.245,101.19,101.24,33973,0.014818474
2022/10/19,101.23,101.265,101.22,101.245,25924,0.014817742
2022/10/20,101.215,101.255,101.2,101.22,34226,-0.02962963
2022/10/21,101.21,101.245,101.18,101.185,39914,-0.029639876
2022/10/24,101.175,101.23,101.17,101.225,28332,0.034588398
2022/10/25,101.19,101.25,101.17,101.2,30558,-0.014819938
2022/10/26,101.215,101.285,101.215,101.285,36224,0.093882795
2022/10/27,101.295,101.335,101.29,101.31,49214,0.044437861
2022/10/28,101.33,101.38,101.315,101.37,37727,0.054286137
2022/10/31,101.42,101.42,101.35,101.37,52312,0.004932669
2022/11/1,101.36,101.385,101.33,101.345,45098,-0.029593095
2022/11/2,101.345,101.365,101.31,101.33,37207,-0.009867772
2022/11/3,101.34,101.37,101.33,101.335,33045,0.009869233
2022/11/4,101.32,101.34,101.285,101.315,54321,-0.02466943
2022/11/7,101.33,101.355,101.305,101.34,44058,0.034549134
2022/11/8,101.305,101.335,101.285,101.335,43457,0.009869233
2022/11/9,101.335,101.34,101.305,101.315,44793,0
2022/11/10,101.325,101.345,101.29,101.3,40198,-0.024673082
2022/11/11,101.32,101.335,101.135,101.225,47217,-0.074037512
2022/11/14,101.15,101.15,101.01,101.03,59652,-0.16798419
2022/11/15,101.035,101.08,100.935,100.94,52869,-0.103914098
2022/11/16,100.975,101.015,100.735,100.76,53116,-0.227745321
2022/11/17,100.825,100.95,100.765,100.945,49685,0.158753783
2022/11/18,100.955,101.04,100.885,100.93,30564,0.009908839
2022/11/21,101.02,101.03,100.94,100.97,25260,0.069375619
2022/11/22,100.99,101.045,100.965,101.04,11867,0.069327523
2022/11/23,100.76,100.835,100.73,100.81,61379,-0.202940157
2022/11/24,100.9,100.915,100.835,100.855,54710,0.044638429
2022/11/25,100.865,100.885,100.725,100.755,54780,-0.114008129
2022/11/28,100.8,100.84,100.69,100.725,57493,-0.05457432
2022/11/29,100.69,100.71,100.53,100.615,43565,-0.10920824
2022/11/30,100.63,100.71,100.595,100.665,48734,0.064612326
2022/12/1,100.645,100.735,100.635,100.725,47990,0.049664763
2022/12/2,100.74,100.805,100.715,100.765,47651,0.049645038
2022/12/5,100.75,100.775,100.7,100.745,69424,-0.019848162
2022/12/6,100.73,100.745,100.66,100.67,52602,-0.059565174
2022/12/7,100.6,100.73,100.555,100.72,66470,0.044698287
2022/12/8,100.725,100.75,100.68,100.735,63698,0.069537575
2022/12/9,100.695,100.71,100.615,100.66,39588,-0.064532142
2022/12/12,100.68,100.705,100.615,100.635,34634,-0.01490313
2022/12/13,100.62,100.635,100.525,100.575,53318,-0.054655669
2022/12/14,100.6,100.77,100.6,100.755,46666,0.173990853
2022/12/15,100.735,100.805,100.715,100.755,42661,0.004962779
2022/12/16,100.735,100.795,100.695,100.74,37477,-0.009925558
2022/12/19,100.82,100.88,100.8,100.825,42441,0.074441687
2022/12/20,100.83,100.845,100.755,100.76,42489,-0.054555374
2022/12/21,100.76,100.845,100.74,100.825,42681,0.04961548
2022/12/22,100.845,100.885,100.82,100.84,38528,0.014877263
2022/12/23,100.85,100.915,100.84,100.89,40098,0.034703287
2022/12/26,100.89,100.89,100.835,100.875,53569,-0.014867678
2022/12/27,100.86,100.86,100.775,100.805,43201,-0.044620724
2022/12/28,100.8,100.845,100.79,100.845,35940,0.059532669
2022/12/29,100.86,100.9,100.855,100.88,30269,0.044627362
2022/12/30,100.875,100.91,100.855,100.885,37410,0
2023/1/3,100.91,100.945,100.87,100.92,31900,0.034692967
2023/1/4,100.935,100.985,100.925,100.97,42254,0.064417026
2023/1/5,100.95,100.975,100.935,100.945,36998,-0.02475983
